Player,Age,Tm,Pos,GP,G,A,PTS,PlusMin,PIM,PS,G-EV,G-PP,G-SH,G-GW,A-EV,A-PP,A-SH,SOG,ShotPerc,TOI,ATOI,BLK,HIT,FOW,FOL,FOPerc,UID,season
Justin Abdelkader,32,DET,LW,49,0,3,3,-14,25,-0.9,0,0,0,0,3,0,0,40,0.0,565,11:32,26,103,38,31,55.1,abdelju01,19-20
Pontus Åberg,26,TOR,LW,5,0,1,1,0,0,0.0,0,0,0,0,1,0,0,4,0.0,44,8:42,1,1,0,0,,abergpo01,19-20
Vitaly Abramov,21,OTT,RW,2,1,0,1,0,2,0.2,1,0,0,0,0,0,0,3,33.3,12,5:47,0,0,0,0,,abramvi01,19-20
Noel Acciari,28,FLA,C,66,20,7,27,2,21,2.9,19,0,1,5,7,0,0,108,18.5,1054,15:58,103,121,381,414,47.9,acciano01,19-20
Andrew Agozzino,29,TOT,LW,22,1,2,3,3,4,0.3,1,0,0,0,2,0,0,10,10.0,162,7:21,7,25,38,37,50.7,agozzan01,19-20
Sebastian Aho,22,CAR,F,68,38,28,66,10,26,8.6,26,8,4,5,18,9,1,206,18.4,1321,19:25,20,55,409,480,46.0,ahose01,19-20
Karl Alzner,31,MTL,D,4,0,0,0,-1,0,0.0,0,0,0,0,0,0,0,4,0.0,56,13:55,4,1,0,0,,alzneka01,19-20
Michael Amadio,23,LAK,C,68,6,10,16,-11,10,0.5,6,0,0,0,7,3,0,99,6.1,885,13:01,22,21,233,249,48.3,amadimi01,19-20
Joey Anderson,21,NJD,RW,18,4,2,6,1,2,0.7,4,0,0,0,2,0,0,21,19.0,238,13:13,6,16,3,3,50.0,anderjo08,19-20
Josh Anderson,25,CBJ,RW,26,1,3,4,-8,17,-0.4,1,0,0,0,3,0,0,63,1.6,418,16:04,13,68,7,12,36.8,anderjo05,19-20
Michael Anderson,20,LAK,D,6,1,0,1,4,0,0.7,1,0,0,1,0,0,0,9,11.1,109,18:09,10,10,0,0,,andermi02,19-20
Jaret Anderson-Dolan,20,LAK,C,4,0,0,0,-1,0,-0.1,0,0,0,0,0,0,0,2,0.0,41,10:16,0,3,5,8,38.5,anderja01,19-20
Lias Andersson,21,NYR,C,17,0,1,1,-8,4,-0.5,0,0,0,0,1,0,0,13,0.0,162,9:33,8,20,41,47,46.6,anderli01,19-20
Rasmus Andersson,23,CGY,D,70,5,17,22,-7,57,3.8,5,0,0,0,13,4,0,124,4.0,1396,19:56,83,51,0,0,,anderra01,19-20
Andy Andreoff,28,PHI,LW,14,0,1,1,-3,2,-0.2,0,0,0,0,1,0,0,14,0.0,119,8:32,4,20,4,4,50.0,andrean01,19-20
Anthony Angello,23,PIT,C,8,1,0,1,-1,4,0.1,1,0,0,0,0,0,0,5,20.0,46,5:43,5,13,0,1,0.0,angelan01,19-20
Artem Anisimov,31,OTT,C,49,15,5,20,-15,8,1.9,10,5,0,1,4,1,0,87,17.2,679,13:51,25,6,185,185,50.0,anisiar01,19-20
Mason Appleton,24,WPG,C,46,5,3,8,-9,20,0.1,4,0,1,0,3,0,0,55,9.1,513,11:10,12,20,5,8,38.5,applema01,19-20
Josh Archibald,27,EDM,RW,62,12,9,21,-8,12,1.8,10,0,2,3,8,0,1,64,18.8,820,13:14,44,165,0,2,0.0,archijo01,19-20
Joel Armia,26,MTL,RW,58,16,14,30,2,28,3.2,10,3,3,2,12,1,1,155,10.3,999,17:14,25,146,4,7,36.4,armiajo01,19-20
Viktor Arvidsson,26,NSH,LW,57,15,13,28,-4,26,2.6,11,4,0,1,9,4,0,127,11.8,924,16:12,24,27,11,8,57.9,arvidvi01,19-20
Rasmus Asplund,22,BUF,F,29,1,2,3,-4,6,-0.3,1,0,0,0,1,0,1,36,2.8,314,10:50,7,20,49,65,43.0,asplura01,19-20
Zach Aston-Reese,25,PIT,C,57,6,7,13,6,28,0.8,5,0,1,0,7,0,0,98,6.1,822,14:26,30,136,7,16,30.4,astonza01,19-20
Andreas Athanasiou,25,TOT,C,55,11,15,26,-46,30,0.8,8,3,0,2,11,4,0,129,8.5,871,15:51,24,36,43,60,41.7,athanan01,19-20
Cam Atkinson,30,CBJ,RW,44,12,14,26,2,6,2.9,9,3,0,2,9,5,0,148,8.1,785,17:51,21,18,27,30,47.4,atkinca01,19-20
Nicolas Aubé-Kubel,23,PHI,RW,36,7,8,15,1,19,1.6,5,2,0,1,7,1,0,48,14.6,406,11:17,16,82,1,2,33.3,aubekni01,19-20
David Backes,35,TOT,C,22,1,5,6,-1,22,0.4,0,1,0,1,5,0,0,34,2.9,207,9:24,8,38,27,44,38.0,backeda01,19-20
Mikael Backlund,30,CGY,C,70,16,29,45,3,26,4.4,10,3,3,3,22,7,0,157,10.2,1256,17:57,11,44,368,410,47.3,backlmi01,19-20
Nicklas Bäckström,32,WSH,C,61,12,42,54,-1,14,4.6,10,2,0,0,26,16,0,132,9.1,1160,19:01,45,30,516,532,49.2,backsni02,19-20
Sven Baertschi,27,VAN,LW,6,0,2,2,-2,4,0.0,0,0,0,0,0,2,0,7,0.0,71,11:49,0,5,0,0,,baertsv01,19-20
Josh Bailey,30,NYI,C,68,14,29,43,-12,10,3.5,11,2,1,2,22,7,0,94,14.9,1149,16:54,48,20,128,129,49.8,bailejo01,19-20
Justin Bailey,24,VAN,RW,2,0,0,0,0,0,0.0,0,0,0,0,0,0,0,1,0.0,11,5:20,0,4,0,0,,baileju01,19-20
Rūdolfs Balcers,22,OTT,LW,15,1,2,3,-2,0,0.0,1,0,0,1,2,0,0,23,4.3,182,12:08,7,19,0,2,0.0,balceru01,19-20
Ivan Barbashev,24,STL,C,69,11,15,26,3,23,2.4,9,0,2,2,14,0,1,75,14.7,928,13:27,33,144,149,179,45.4,barbaiv01,19-20
Riley Barber,25,MTL,RW,9,0,0,0,-1,2,-0.2,0,0,0,0,0,0,0,6,0.0,74,8:15,1,15,1,0,100.0,barberi01,19-20
Mark Barberio,29,COL,D,21,0,2,2,3,16,0.6,0,0,0,0,2,0,0,29,0.0,296,14:06,19,13,0,0,,barbema01,19-20
Cole Bardreau,26,NYI,F,10,1,1,2,-2,6,0.1,1,0,0,1,1,0,0,10,10.0,89,8:52,1,21,21,29,42.0,bardrco01,19-20
Aleksander Barkov,24,FLA,C,66,20,42,62,2,18,5.9,13,7,0,2,28,13,1,172,11.6,1321,20:01,35,21,653,550,54.3,barkoal01,19-20
Tyson Barrie,28,TOR,D,70,5,34,39,-7,16,4.5,4,1,0,0,23,11,0,169,3.0,1531,21:53,76,47,0,0,,barrity01,19-20
Mathew Barzal,22,NYI,C,68,19,41,60,5,44,6.0,15,4,0,2,33,8,0,171,11.1,1363,20:03,43,22,228,320,41.6,barzama01,19-20
Drake Batherson,21,OTT,C,23,3,7,10,-12,13,0.3,2,1,0,0,2,5,0,32,9.4,358,15:34,11,51,4,3,57.1,bathedr01,19-20
Jay Beagle,34,VAN,RW,55,2,6,8,-9,38,-0.5,1,0,1,1,5,0,1,49,4.1,691,12:34,42,69,401,277,59.1,beaglja01,19-20
Ethan Bear,22,EDM,D,71,5,16,21,-4,33,4.0,4,1,0,1,15,1,0,99,5.1,1560,21:58,106,59,0,0,,bearet01,19-20
J.C. Beaudin,22,OTT,C,22,0,1,1,-4,7,-0.4,0,0,0,0,1,0,0,18,0.0,190,8:38,11,51,62,56,52.5,beaudje01,19-20
Nicolas Beaudin,20,CHI,D,1,0,0,0,1,0,0.1,0,0,0,0,0,0,0,2,0.0,17,17:01,2,2,0,0,,beaudni01,19-20
Nathan Beaulieu,27,WPG,D,38,1,7,8,15,29,2.6,1,0,0,1,7,0,0,38,2.6,646,17:00,47,62,0,0,,beaulna01,19-20
Anthony Beauvillier,22,NYI,LW,68,18,21,39,-11,15,3.5,14,3,1,3,17,4,0,132,13.6,1174,17:16,36,86,9,4,69.2,beauvan01,19-20
Pierre-Édouard Bellemare,34,COL,LW,69,9,13,22,2,17,1.5,7,0,2,0,11,0,2,85,10.6,926,13:25,46,43,419,371,53.0,bellepi01,19-20
Kieffer Bellows,21,NYI,LW,8,2,1,3,3,2,0.5,2,0,0,1,1,0,0,11,18.2,85,10:39,4,12,0,0,,belloki01,19-20
Emil Bemström,20,CBJ,C,56,10,10,20,-10,8,1.7,5,5,0,4,7,3,0,97,10.3,687,12:16,17,52,4,9,30.8,bemstem01,19-20
Jamie Benn,30,DAL,LW,69,19,20,39,-4,53,4.2,11,8,0,4,14,6,0,163,11.7,1134,16:26,57,167,244,193,55.8,bennja01,19-20
Jordie Benn,32,VAN,D,44,1,6,7,-7,17,0.8,1,0,0,1,6,0,0,58,1.7,717,16:17,62,45,0,0,,bennjo01,19-20
Sam Bennett,23,CGY,C,52,8,4,12,-1,36,1.0,8,0,0,0,3,1,0,82,9.8,651,12:31,13,101,89,83,51.7,bennesa01,19-20
Matt Benning,25,EDM,D,43,1,7,8,8,15,2.1,1,0,0,0,7,0,0,38,2.6,569,13:14,34,78,0,0,,bennima01,19-20
Tyler Benson,21,EDM,LW,7,0,1,1,-1,0,0.0,0,0,0,0,1,0,0,5,0.0,73,10:23,1,3,1,0,100.0,bensoty01,19-20
Patrice Bergeron,34,BOS,C,61,31,25,56,23,28,7.9,19,11,1,5,16,9,0,203,15.3,1143,18:44,46,46,758,553,57.8,bergepa01,19-20
Lean Bergmann,21,SJS,F,12,0,1,1,-6,4,-0.3,0,0,0,0,1,0,0,11,0.0,99,8:16,5,29,0,2,0.0,bergmle01,19-20
Tyler Bertuzzi,24,DET,LW,71,21,27,48,-23,40,4.3,18,3,0,1,16,11,0,129,16.3,1371,19:19,30,71,4,2,66.7,bertuty01,19-20
Alex Biega,31,DET,D,49,0,3,3,-9,24,0.9,0,0,0,0,3,0,0,55,0.0,805,16:25,46,115,0,0,,biegaal01,19-20
Jake Bischoff,25,VEG,D,4,0,0,0,-2,4,-0.1,0,0,0,0,0,0,0,6,0.0,62,15:36,8,8,0,0,,bischja01,19-20
Clark Bishop,23,CAR,C,5,0,1,1,-2,4,0.0,0,0,0,0,1,0,0,4,0.0,38,7:39,0,5,13,21,38.2,bishocl01,19-20
Anthony Bitetto,29,WPG,D,51,0,8,8,3,32,1.7,0,0,0,0,7,0,1,54,0.0,773,15:10,50,145,0,0,,bitetan01,19-20
Anders Bjork,23,BOS,LW,58,9,10,19,5,10,1.8,8,1,0,0,10,0,0,66,13.6,750,12:56,21,43,2,4,33.3,bjorkan01,19-20
Oliver Bjorkstrand,24,CBJ,RW,49,21,15,36,8,12,4.9,18,3,0,5,12,3,0,162,13.0,879,17:56,16,43,6,13,31.6,bjorkol01,19-20
Tobias Björnfot,18,LAK,D,3,0,0,0,-4,0,-0.3,0,0,0,0,0,0,0,0,,39,12:58,0,0,0,0,,bjornto01,19-20
Nick Bjugstad,27,PIT,C,13,1,1,2,3,8,0.2,1,0,0,0,1,0,0,18,5.6,159,12:14,7,19,38,58,39.6,bjugsni01,19-20
Colin Blackwell,26,NSH,C,27,3,7,10,7,10,1.1,3,0,0,0,7,0,0,31,9.7,296,10:57,23,43,37,29,56.1,blackco01,19-20
Sammy Blais,23,STL,LW,40,6,7,13,-2,20,1.0,6,0,0,1,7,0,0,56,10.7,503,12:35,15,155,0,0,,blaissa01,19-20
Joseph Blandisi,25,PIT,C,21,2,3,5,-3,10,0.3,2,0,0,1,3,0,0,12,16.7,172,8:13,9,26,33,48,40.7,blandjo01,19-20
Joachim Blichfeld,21,SJS,W,3,0,0,0,-2,2,-0.1,0,0,0,0,0,0,0,3,0.0,38,12:46,4,3,0,0,,blichjo01,19-20
Anton Blidh,24,BOS,LW,7,0,0,0,-1,0,-0.2,0,0,0,0,0,0,0,9,0.0,81,11:31,5,20,0,1,0.0,blidhan01,19-20
Teddy Blueger,25,PIT,C,69,9,13,22,2,25,1.4,9,0,0,2,11,0,2,102,8.8,1091,15:49,35,83,402,489,45.1,bluegte01,19-20
Brock Boeser,22,VAN,RW,57,16,29,45,4,14,4.4,11,5,0,3,20,9,0,169,9.5,1059,18:34,14,28,11,19,36.7,boesebr01,19-20
Zach Bogosian,29,TOT,D,27,1,6,7,0,22,1.2,1,0,0,0,5,0,1,29,3.4,449,16:38,27,30,0,0,,bogosza01,19-20
Nick Bonino,31,NSH,C,67,18,17,35,17,16,4.1,17,1,0,3,17,0,0,104,17.3,1107,16:31,89,17,488,440,52.6,boninni01,19-20
Adam Boqvist,19,CHI,D,41,4,9,13,-3,6,2.0,4,0,0,1,7,2,0,50,8.0,665,16:13,43,33,0,0,,boqviad01,19-20
Jesper Boqvist,21,NJD,C,35,4,0,4,-11,8,-0.2,3,1,0,0,0,0,0,41,9.8,383,10:57,16,37,5,11,31.3,boqvije01,19-20
Henrik Borgström,22,FLA,C,4,0,0,0,-2,2,-0.2,0,0,0,0,0,0,0,3,0.0,50,12:23,0,1,13,14,48.1,borgshe01,19-20
Mark Borowiecki,30,OTT,D,53,7,11,18,1,58,3.4,6,0,1,0,11,0,0,63,11.1,951,17:56,120,199,0,0,,borowma01,19-20
Robert Bortuzzo,30,STL,D,42,2,4,6,12,21,2.2,2,0,0,1,4,0,0,36,5.6,551,13:07,43,66,0,0,,borturo01,19-20
Gabriel Bourque,29,WPG,LW,52,2,4,6,-1,7,0.0,2,0,0,0,4,0,0,33,6.1,447,8:36,40,125,2,3,40.0,bourqga01,19-20
Jay Bouwmeester,36,STL,D,56,1,8,9,6,20,2.4,1,0,0,0,7,0,1,53,1.9,1208,21:34,68,42,0,0,,bouwmja01,19-20
Madison Bowey,24,DET,D,53,3,14,17,-16,34,2.3,3,0,0,0,13,1,0,70,4.3,949,17:54,58,53,0,0,,boweyma01,19-20
Johnny Boychuk,36,NYI,D,64,2,9,11,-11,14,1.7,1,1,0,0,9,0,0,96,2.1,1106,17:17,128,135,0,0,,boychjo01,19-20
Travis Boyd,26,WSH,C,24,3,7,10,9,2,1.1,3,0,0,0,6,1,0,26,11.5,282,11:45,9,14,50,69,42.0,boydtr01,19-20
Brian Boyle,35,FLA,C,39,6,9,15,-5,17,1.0,5,1,0,1,9,0,0,56,10.7,483,12:23,34,65,197,179,52.4,boylebr01,19-20
Tyler Bozak,33,STL,C,67,13,16,29,0,10,2.6,10,2,1,2,14,2,0,109,11.9,1026,15:19,33,32,363,297,55.0,bozakty01,19-20
Erik Brännström,20,OTT,D,31,0,4,4,-9,16,0.1,0,0,0,0,3,1,0,38,0.0,460,14:51,36,15,0,0,,branner01,19-20
Derick Brassard,32,NYI,C,66,10,22,32,-2,16,2.7,7,3,0,1,15,7,0,110,9.1,904,13:42,24,115,197,160,55.2,brassde01,19-20
Jesper Bratt,21,NJD,W,60,16,16,32,-6,6,3.4,15,1,0,2,11,5,0,101,15.8,839,13:59,22,29,3,10,23.1,brattje01,19-20
Justin Braun,32,PHI,D,62,3,16,19,-2,18,2.9,3,0,0,0,15,1,0,70,4.3,1071,17:16,84,91,0,0,,braunju01,19-20
T.J. Brodie,29,CGY,D,64,4,15,19,7,36,4.3,4,0,0,1,14,1,0,65,6.2,1309,20:27,87,20,0,0,,broditj01,19-20
Jonas Brodin,26,MIN,D,69,2,26,28,15,24,5.2,2,0,0,0,23,1,2,103,1.9,1487,21:33,112,41,0,0,,brodijo01,19-20
Jonny Brodzinski,26,SJS,C,3,0,1,1,0,0,0.1,0,0,0,0,1,0,0,5,0.0,22,7:24,0,3,0,1,0.0,brodzjo01,19-20
Adam Brooks,23,TOR,C,7,0,3,3,1,0,0.2,0,0,0,0,3,0,0,2,0.0,55,7:51,1,0,5,5,50.0,brookad01,19-20
Troy Brouwer,34,STL,RW,13,1,0,1,1,7,0.0,1,0,0,0,0,0,0,12,8.3,123,9:28,6,24,1,1,50.0,brouwtr01,19-20
Connor Brown,26,OTT,RW,71,16,27,43,-6,24,3.4,13,3,0,1,24,1,2,173,9.2,1428,20:07,35,39,29,39,42.6,brownco02,19-20
Dustin Brown,35,LAK,RW,66,17,18,35,-1,22,3.5,16,1,0,1,14,4,0,169,10.1,1215,18:24,15,143,7,9,43.8,browndu01,19-20
Josh Brown,26,FLA,D,56,3,5,8,1,39,1.5,3,0,0,1,5,0,0,48,6.3,751,13:25,53,77,0,0,,brownjo01,19-20
Logan Brown,21,OTT,C,23,1,7,8,0,4,0.5,0,1,0,1,5,2,0,23,4.3,270,11:45,11,13,55,79,41.0,brownlo01,19-20
Patrick Brown,27,VEG,C,1,1,0,1,0,0,0.2,1,0,0,0,0,0,0,2,50.0,10,10:04,0,6,0,0,,brownpa02,19-20
Pavel Buchnevich,24,NYR,LW,68,16,30,46,2,24,4.1,12,4,0,1,25,5,0,148,10.8,1151,16:56,22,80,4,19,17.4,buchnpa01,19-20
Connor Bunnaman,21,PHI,F,21,1,1,2,7,2,0.2,1,0,0,0,1,0,0,18,5.6,195,9:17,2,29,36,60,37.5,bunnaco01,19-20
André Burakovsky,24,COL,LW,58,20,25,45,11,22,5.4,18,2,0,6,16,9,0,103,19.4,882,15:12,34,26,5,9,35.7,burakan01,19-20
Brent Burns,34,SJS,D,70,12,33,45,-22,34,6.7,7,5,0,1,20,12,1,225,5.3,1779,25:25,115,72,0,0,,burnsbr01,19-20
Will Butcher,25,NJD,D,56,4,17,21,-8,6,3.1,4,0,0,1,16,1,0,62,6.5,1003,17:55,75,31,0,0,,butchwi01,19-20
Paul Byron,30,MTL,C,29,4,6,10,5,4,0.9,3,0,1,0,6,0,0,29,13.8,415,14:20,18,42,1,5,16.7,byronpa01,19-20
Mikkel Bødker,30,OTT,RW,20,2,2,4,-1,0,0.2,1,0,1,0,2,0,0,29,6.9,194,9:43,5,12,1,3,25.0,boedkmi01,19-20
Nicholas Caamano,21,DAL,RW,12,1,1,2,2,4,0.2,1,0,0,0,1,0,0,13,7.7,120,9:58,3,17,1,1,50.0,caamani01,19-20
Drake Caggiula,25,CHI,LW,40,9,6,15,-3,32,1.5,8,1,0,0,5,0,1,56,16.1,473,11:49,16,81,4,10,28.6,caggidr01,19-20
Matt Calvert,30,COL,LW,50,12,13,25,13,39,3.0,9,0,3,1,12,0,1,89,13.5,705,14:05,22,58,12,14,46.2,calvema01,19-20
Kyle Capobianco,22,ARI,D,9,1,0,1,-1,2,0.3,1,0,0,0,0,0,0,10,10.0,133,14:46,10,14,0,0,,capobky01,19-20
Paul Carey,31,BOS,C,1,0,0,0,-1,0,0.0,0,0,0,0,0,0,0,0,,6,6:22,1,0,0,0,,careypa01,19-20
Brandon Carlo,23,BOS,D,67,4,15,19,16,33,4.7,4,0,0,0,15,0,0,111,3.6,1372,20:29,76,126,0,0,,carlobr01,19-20
John Carlson,30,WSH,D,69,15,60,75,12,26,10.7,13,2,0,6,36,24,0,189,7.9,1700,24:38,108,55,0,1,0.0,carlsjo01,19-20
Gabriel Carlsson,23,CBJ,D,6,0,0,0,-1,2,0.0,0,0,0,0,0,0,0,3,0.0,65,10:53,0,5,0,0,,carlsga01,19-20
Lucas Carlsson,22,CHI,D,6,0,1,1,3,0,0.4,0,0,0,0,1,0,0,3,0.0,85,14:08,6,11,0,0,,carlslu01,19-20
Ryan Carpenter,29,CHI,C,69,3,12,15,-6,28,-0.1,2,0,1,0,10,0,2,80,3.8,971,14:04,48,117,263,347,43.1,carpery01,19-20
Daniel Carr,28,NSH,LW,11,1,0,1,-5,4,-0.2,1,0,0,0,0,0,0,14,7.1,114,10:20,2,10,0,1,0.0,carrda01,19-20
Connor Carrick,25,NJD,D,29,1,5,6,-6,17,0.8,1,0,0,1,5,0,0,25,4.0,418,14:25,39,27,0,0,,carrico01,19-20
Sam Carrick,27,ANA,C,9,1,1,2,-3,0,0.0,0,0,1,0,1,0,0,16,6.3,124,13:46,8,13,33,39,45.8,carrisa01,19-20
Trevor Carrick,25,SJS,D,3,0,0,0,0,5,0.0,0,0,0,0,0,0,0,1,0.0,17,5:47,0,1,0,0,,carritr01,19-20
Alexandre Carrier,23,NSH,D,3,0,0,0,2,2,0.2,0,0,0,0,0,0,0,4,0.0,32,10:47,0,3,0,0,,carrial01,19-20
William Carrier,25,VEG,LW,71,7,12,19,0,39,1.4,7,0,0,1,12,0,0,99,7.1,701,9:52,11,213,9,5,64.3,carriwi01,19-20
Jeff Carter,35,LAK,C,60,17,10,27,-21,36,2.2,14,3,0,7,8,2,0,182,9.3,1016,16:56,23,66,382,364,51.2,carteje01,19-20
Colby Cave,25,EDM,C,11,1,0,1,-3,4,-0.1,1,0,0,0,0,0,0,5,20.0,106,9:39,3,17,36,41,46.8,caveco01,19-20
Cody Ceci,26,TOR,D,56,1,7,8,7,20,1.9,1,0,0,1,7,0,0,48,2.1,1150,20:32,79,92,0,0,,cecico01,19-20
Peter Cehlárik,24,BOS,LW,3,0,1,1,-1,2,0.0,0,0,0,0,1,0,0,0,,34,11:16,2,2,1,1,50.0,cehlape01,19-20
Erik Černák,22,TBL,D,67,5,7,12,11,59,3.2,5,0,0,1,7,0,0,125,4.0,1270,18:57,97,172,0,0,,cernaer01,19-20
Thomas Chabot,23,OTT,D,71,6,33,39,-18,42,4.6,6,0,0,0,22,11,0,186,3.2,1846,26:00,85,79,0,0,,chaboth01,19-20
Michael Chaput,27,ARI,C,2,0,0,0,-2,2,-0.1,0,0,0,0,0,0,0,2,0.0,20,10:01,2,3,7,6,53.8,chapumi01,19-20
Zdeno Chára,42,BOS,D,68,5,9,14,26,60,5.1,5,0,0,2,9,0,0,86,5.8,1429,21:01,101,78,0,0,,charazd01,19-20
Ben Chiarot,28,MTL,D,69,9,12,21,5,61,4.9,9,0,0,3,12,0,0,130,6.9,1596,23:08,128,152,0,0,,chiarbe01,19-20
Alex Chiasson,29,EDM,RW,65,11,13,24,-3,42,2.2,5,6,0,3,6,7,0,97,11.3,853,13:07,15,56,0,4,0.0,chiasal01,19-20
Andrei Chibisov,26,WPG,F,2,0,0,0,0,0,0.0,0,0,0,0,0,0,0,1,0.0,15,7:27,1,1,0,0,,chibian01,19-20
Filip Chlapík,22,OTT,C,31,3,3,6,-7,10,0.2,3,0,0,1,3,0,0,27,11.1,272,8:46,11,71,12,19,38.7,chlapfi01,19-20
Dennis Cholowski,21,DET,D,36,2,6,8,-26,6,0.1,1,1,0,1,2,4,0,51,3.9,692,19:13,35,15,0,0,,cholode01,19-20
Jakob Chychrun,21,ARI,D,63,12,14,26,4,38,6.0,7,5,0,2,11,3,0,149,8.1,1413,22:26,95,75,0,0,,chychja01,19-20
Filip Chytil,20,NYR,C,60,14,9,23,-7,10,1.8,13,1,0,2,7,2,0,114,12.3,890,14:50,31,13,198,317,38.4,chytifi01,19-20
Anthony Cirelli,22,TBL,C,68,16,28,44,28,30,4.7,14,1,1,3,23,4,1,113,14.2,1255,18:28,47,89,434,480,47.5,cirelan01,19-20
Casey Cizikas,28,NYI,C,48,10,4,14,12,41,1.8,7,0,3,1,2,0,2,67,14.9,686,14:18,39,133,368,320,53.5,cizikca01,19-20
Fredrik Claesson,27,NJD,D,5,1,1,2,1,0,0.5,1,0,0,0,1,0,0,1,100.0,72,14:29,7,5,0,0,,claesfr01,19-20
Kale Clague,21,LAK,D,4,0,0,0,-3,2,-0.1,0,0,0,0,0,0,0,2,0.0,58,14:34,4,1,0,0,,claguka01,19-20
Kyle Clifford,29,TOT,LW,69,7,10,17,-7,68,1.0,7,0,0,0,10,0,0,110,6.4,772,11:11,15,133,6,4,60.0,cliffky01,19-20
Connor Clifton,24,BOS,D,31,2,0,2,4,12,1.1,2,0,0,0,0,0,0,20,10.0,447,14:25,33,90,0,0,,cliftco01,19-20
Cal Clutterbuck,32,NYI,RW,37,3,4,7,6,22,0.5,2,0,1,0,3,0,1,35,8.6,497,13:25,38,127,4,5,44.4,cluttca01,19-20
Braydon Coburn,34,TBL,D,40,1,3,4,5,16,1.2,1,0,0,0,3,0,0,44,2.3,562,14:03,28,59,0,0,,coburbr01,19-20
Andrew Cogliano,32,DAL,LW,68,3,11,14,2,30,0.6,3,0,0,0,11,0,0,68,4.4,848,12:28,31,86,17,20,45.9,coglian01,19-20
Ian Cole,30,COL,D,65,4,22,26,21,36,5.1,4,0,0,1,22,0,0,92,4.3,1150,17:42,122,83,0,0,,coleia01,19-20
Blake Coleman,28,TOT,C,66,21,11,32,0,56,3.7,17,1,3,2,8,2,1,200,10.5,1103,16:43,46,191,47,102,31.5,colembl01,19-20
Blake Comeau,33,DAL,RW,55,8,8,16,-6,36,1.1,7,0,1,2,7,0,1,74,10.8,822,14:56,24,107,42,54,43.8,comeabl01,19-20
J.T. Compher,24,COL,LW,67,11,20,31,9,18,2.6,10,1,0,3,13,4,3,106,10.4,1122,16:45,60,36,341,374,47.7,comphj.01,19-20
Max Comtois,21,ANA,LW,29,5,6,11,-4,24,0.9,3,2,0,0,5,1,0,32,15.6,405,13:58,8,61,3,13,18.8,comtoma01,19-20
Cory Conacher,30,TBL,LW,4,0,1,1,-2,4,-0.1,0,0,0,0,1,0,0,5,0.0,44,11:05,1,3,0,0,,conacco01,19-20
Kevin Connauton,29,COL,D,4,0,0,0,-2,0,-0.1,0,0,0,0,0,0,0,4,0.0,62,15:30,6,6,0,0,,connake01,19-20
Brett Connolly,27,FLA,RW,69,19,14,33,-3,26,3.3,15,4,0,3,12,2,0,117,16.2,1000,14:30,17,56,6,11,35.3,connobr01,19-20
Kyle Connor,23,WPG,LW,71,38,35,73,4,34,8.7,28,9,1,7,26,8,1,239,15.9,1497,21:05,17,18,2,11,15.4,connoky01,19-20
Andrew Copp,25,WPG,C,63,10,16,26,-3,10,1.6,9,1,0,5,13,0,3,121,8.3,1115,17:42,27,59,310,275,53.0,coppan01,19-20
Nick Cousins,26,TOT,C,65,10,15,25,0,35,2.2,7,3,0,0,13,2,0,115,8.7,878,13:31,31,91,35,38,47.9,cousini01,19-20
Logan Couture,30,SJS,C,52,16,23,39,0,18,4.2,16,0,0,3,12,9,2,126,12.7,963,18:32,45,54,195,248,44.0,coutulo01,19-20
Sean Couturier,27,PHI,C,69,22,37,59,21,30,6.6,18,4,0,4,28,9,0,185,11.9,1368,19:50,26,60,543,367,59.7,coutuse01,19-20
Charlie Coyle,27,BOS,C,70,16,21,37,9,21,3.8,13,1,2,3,17,4,0,145,11.0,1175,16:47,34,83,326,373,46.6,coylech01,19-20
Sidney Crosby,32,PIT,C,41,16,31,47,-8,15,4.7,12,4,0,4,18,13,0,109,14.7,831,20:16,17,28,494,394,55.6,crosbsi01,19-20
Lawson Crouse,22,ARI,LW,66,15,10,25,0,33,2.8,14,0,1,3,10,0,0,109,13.8,896,13:35,29,201,24,23,51.1,crousla01,19-20
Austin Czarnik,27,CGY,C,8,2,1,3,1,0,0.4,1,1,0,0,1,0,0,9,22.2,82,10:11,2,1,2,4,33.3,czarnau01,19-20
Kirby Dach,19,CHI,C,64,8,15,23,-1,24,1.5,8,0,0,2,12,3,0,101,7.9,913,14:16,23,33,75,147,33.8,dachki01,19-20
Evgenii Dadonov,30,FLA,RW,69,25,22,47,-7,10,4.8,14,11,0,2,16,6,0,167,15.0,1180,17:06,24,29,0,0,,dadonev01,19-20
Rasmus Dahlin,19,BUF,D,59,4,36,40,-7,38,5.1,2,2,0,1,19,17,0,90,4.4,1138,19:18,51,72,0,0,,dahlira01,19-20
Carl Dahlström,25,WPG,D,15,0,1,1,-4,6,0.0,0,0,0,0,1,0,0,9,0.0,221,14:46,13,5,0,0,,dahlsca01,19-20
Michael Dal Colle,23,NYI,LW,53,4,6,10,-8,12,0.1,4,0,0,0,6,0,0,59,6.8,625,11:48,21,81,5,2,71.4,dalcomi01,19-20
Trevor Daley,36,DET,D,43,0,7,7,-22,20,0.1,0,0,0,0,5,2,0,37,0.0,673,15:39,44,9,0,0,,daleytr01,19-20
Phillip Danault,26,MTL,LW,71,13,34,47,18,32,4.7,12,1,0,1,31,3,0,131,9.9,1338,18:51,37,119,728,608,54.5,danauph01,19-20
Marko Daňo,25,CBJ,C,3,0,0,0,-1,2,-0.1,0,0,0,0,0,0,0,2,0.0,22,7:10,3,5,0,0,,danoma01,19-20
Brandon Davidson,28,TOT,D,12,0,0,0,-3,0,0.0,0,0,0,0,0,0,0,17,0.0,150,12:29,20,24,0,0,,davidbr01,19-20
Jonathan Davidsson,22,OTT,RW,6,0,1,1,0,0,0.0,0,0,0,0,1,0,0,3,0.0,33,5:31,1,5,0,0,,davidjo03,19-20
Calvin de Haan,28,CHI,D,29,1,5,6,10,10,1.9,1,0,0,0,5,0,0,42,2.4,577,19:55,73,93,0,0,,dehaaca01,19-20
Jacob de La Rose,24,TOT,LW,50,2,7,9,2,10,0.4,2,0,0,0,7,0,0,46,4.3,536,10:43,16,120,118,156,43.1,delarja01,19-20
Chase De Leo,24,ANA,C,1,0,0,0,0,0,0.0,0,0,0,0,0,0,0,1,0.0,15,14:59,0,1,0,1,0.0,deleoch01,19-20
Jean-Sébastien Dea,25,BUF,C,3,0,0,0,0,0,0.0,0,0,0,0,0,0,0,0,,23,7:38,0,3,1,1,50.0,deaje01,19-20
Tony DeAngelo,24,NYR,D,68,15,38,53,12,47,8.4,12,3,0,3,22,16,0,149,10.1,1312,19:17,57,48,0,0,,deangan01,19-20
Alex DeBrincat,22,CHI,RW,70,18,27,45,-10,15,3.9,8,10,0,4,21,6,0,207,8.7,1225,17:30,19,58,7,13,35.0,debrial01,19-20
Jake DeBrusk,23,BOS,LW,65,19,16,35,-1,14,3.8,12,7,0,5,13,3,0,161,11.8,1043,16:03,15,35,9,17,34.6,debruja01,19-20
Danny DeKeyser,29,DET,D,8,0,4,4,0,4,0.7,0,0,0,0,4,0,0,12,0.0,176,22:04,18,6,0,0,,dekeyda01,19-20
Michael Del Zotto,29,ANA,D,49,2,13,15,5,14,3.1,2,0,0,0,12,1,0,57,3.5,917,18:43,55,101,0,0,,delzomi01,19-20
Dylan DeMelo,26,TOT,D,59,0,10,10,4,37,2.2,0,0,0,0,8,0,2,74,0.0,1188,20:09,77,105,0,0,,demeldy01,19-20
Jason Demers,31,ARI,D,50,0,11,11,5,25,2.8,0,0,0,0,10,0,1,53,0.0,1025,20:30,70,76,0,0,,demerja01,19-20
Travis Dermott,23,TOR,D,56,4,7,11,14,37,2.9,4,0,0,1,7,0,0,65,6.2,969,17:19,58,76,0,0,,dermotr01,19-20
Nicolas Deslauriers,28,ANA,LW,59,7,6,13,-1,92,1.1,7,0,0,1,6,0,0,64,10.9,577,9:47,32,137,0,0,,deslani01,19-20
Phillip Di Giuseppe,26,NYR,LW,20,1,3,4,1,2,0.1,1,0,0,0,3,0,0,35,2.9,226,11:17,20,38,0,2,0.0,digiuph01,19-20
Thomas Di Pauli,25,PIT,C,2,0,0,0,-3,10,-0.1,0,0,0,0,0,0,0,2,0.0,12,5:59,1,4,0,0,,dipauth01,19-20
Jason Dickinson,24,DAL,C,65,9,12,21,7,6,1.9,9,0,0,1,11,0,1,85,10.6,973,14:59,55,89,196,251,43.8,dickija01,19-20
Brenden Dillon,29,TOT,D,69,1,13,14,-2,104,3.1,1,0,0,0,12,0,1,58,1.7,1343,19:27,74,194,0,0,,dillobr01,19-20
Christian Djoos,25,TOT,D,11,1,2,3,3,0,0.8,1,0,0,0,1,1,0,13,7.7,210,19:06,12,2,0,0,,djoosch01,19-20
Noah Dobson,20,NYI,D,34,1,6,7,-1,8,1.2,1,0,0,0,5,1,0,37,2.7,451,13:17,31,25,0,0,,dobsono01,19-20
Max Domi,24,MTL,LW,71,17,27,44,-3,35,4.2,16,1,0,3,17,10,0,179,9.5,1214,17:06,13,32,385,403,48.9,domima01,19-20
Ryan Donato,23,MIN,C,62,14,9,23,5,12,2.8,14,0,0,1,7,2,0,95,14.7,659,10:38,14,53,40,62,39.2,donatry01,19-20
Joonas Donskoi,27,COL,RW,65,16,17,33,2,26,3.1,12,4,0,2,16,1,0,111,14.4,1056,16:15,38,25,9,12,42.9,donskjo01,19-20
Drew Doughty,30,LAK,D,67,7,28,35,-16,36,5.4,2,5,0,2,18,9,1,141,5.0,1730,25:49,87,106,0,0,,doughdr01,19-20
Nic Dowd,29,WSH,C,56,7,8,15,11,28,1.5,4,0,3,1,8,0,0,52,13.5,607,10:50,26,117,274,277,49.7,dowdni01,19-20
Justin Dowling,29,DAL,C,29,3,3,6,-3,8,0.4,3,0,0,1,3,0,0,29,10.3,318,10:57,12,25,42,54,43.8,dowliju01,19-20
Leon Draisaitl,24,EDM,C,71,43,67,110,-7,18,12.8,27,16,0,10,39,28,0,218,19.7,1605,22:37,19,27,662,608,52.1,draisle01,19-20
Sheldon Dries,25,COL,C,5,0,0,0,-2,0,-0.1,0,0,0,0,0,0,0,2,0.0,34,6:52,2,16,4,2,66.7,driessh01,19-20
Jonathan Drouin,24,MTL,LW,27,7,8,15,-6,14,1.4,6,1,0,1,5,3,0,51,13.7,424,15:42,5,25,4,8,33.3,drouijo01,19-20
Dillon Dubé,21,CGY,C,45,6,10,16,0,6,1.4,5,1,0,2,9,1,0,60,10.0,571,12:41,13,59,0,2,0.0,dubedi01,19-20
Pierre-Luc Dubois,21,CBJ,LW,70,18,31,49,-2,49,5.0,17,1,0,4,22,9,0,158,11.4,1255,17:56,50,85,359,446,44.6,duboipi01,19-20
Matt Duchene,29,NSH,C,66,13,29,42,-4,24,3.5,8,5,0,1,23,6,0,136,9.6,1114,16:53,22,40,390,305,56.1,duchema01,19-20
Anthony Duclair,24,OTT,LW,66,23,17,40,-5,18,4.5,16,5,2,2,14,3,0,184,12.5,1073,16:16,39,53,3,3,50.0,duclaan01,19-20
Mathew Dumba,25,MIN,D,69,6,18,24,-7,41,3.6,5,1,0,1,10,7,1,167,3.6,1552,22:30,88,98,0,0,,dumbama01,19-20
Gabriel Dumont,29,MIN,C,3,0,0,0,-1,0,-0.1,0,0,0,0,0,0,0,3,0.0,35,11:30,2,9,6,9,40.0,dumonga01,19-20
Brian Dumoulin,28,PIT,D,28,1,7,8,17,10,2.7,0,0,1,0,6,1,0,35,2.9,590,21:03,35,44,0,0,,dumoubr01,19-20
Vince Dunn,23,STL,D,71,9,14,23,15,27,5.3,5,4,0,1,8,6,0,138,6.5,1155,16:16,47,50,0,0,,dunnvi02,19-20
Christian Dvorak,23,ARI,C,70,18,20,38,6,12,4.3,12,6,0,2,16,4,0,134,13.4,1169,16:42,36,39,523,426,55.1,dvorach01,19-20
Ryan Dzingel,27,CAR,C,64,8,21,29,3,30,2.3,4,4,0,1,16,5,0,98,8.2,906,14:09,25,36,9,20,31.0,dzingry01,19-20
Cody Eakin,28,TOT,C,49,5,10,15,-3,16,0.7,5,0,0,1,9,1,0,61,8.2,714,14:35,16,49,311,330,48.5,eakinco01,19-20
Jordan Eberle,29,NYI,RW,58,16,24,40,1,12,4.1,12,4,0,1,17,7,0,136,11.8,1033,17:49,39,37,3,6,33.3,eberljo01,19-20
Alexander Edler,33,VAN,D,59,5,28,33,13,62,5.8,4,1,0,1,22,6,0,118,4.2,1334,22:37,162,108,0,0,,edleral01,19-20
Joel Edmundson,26,CAR,D,68,7,13,20,7,72,4.3,7,0,0,0,13,0,0,97,7.2,1255,18:27,91,118,0,0,,edmunjo01,19-20
Nikolaj Ehlers,23,WPG,LW,71,25,33,58,14,30,6.8,21,3,1,5,31,2,0,203,12.3,1173,16:31,28,36,0,2,0.0,ehlerni01,19-20
Christoffer Ehn,23,DET,C,54,2,2,4,-21,2,-0.9,2,0,0,0,2,0,0,36,5.6,562,10:25,18,59,96,130,42.5,ehnch01,19-20
Jack Eichel,23,BUF,C,68,36,42,78,5,34,9.5,24,11,1,9,26,16,0,227,15.9,1503,22:06,42,40,615,696,46.9,eicheja01,19-20
Aaron Ekblad,23,FLA,D,67,5,36,41,12,26,6.2,5,0,0,1,29,6,1,147,3.4,1539,22:59,84,34,0,0,,ekblaaa01,19-20
Mattias Ekholm,29,NSH,D,68,8,25,33,-1,32,4.9,7,0,1,2,19,5,1,154,5.2,1589,23:22,100,49,0,0,,ekholma01,19-20
Oliver Ekman-Larsson,28,ARI,D,66,9,21,30,-3,38,5.7,6,2,1,1,16,5,0,135,6.7,1519,23:01,65,129,0,0,,ekmanol01,19-20
Lars Eller,30,WSH,C,69,16,23,39,3,48,3.6,13,2,1,1,18,4,1,151,10.6,1174,17:01,44,59,536,497,51.9,ellerla01,19-20
Ryan Ellis,29,NSH,D,49,8,30,38,16,19,6.5,6,2,0,3,23,7,0,114,7.0,1152,23:30,96,48,0,0,,ellisry01,19-20
Deryk Engelland,37,VEG,D,49,1,5,6,6,37,1.8,1,0,0,1,4,0,1,59,1.7,860,17:33,86,114,0,0,,engelde01,19-20
Andreas Englund,24,OTT,D,24,0,3,3,-8,12,-0.1,0,0,0,0,3,0,0,10,0.0,262,10:54,16,58,0,0,,engluan01,19-20
Pierre Engvall,23,TOR,LW,48,8,7,15,4,6,1.4,7,0,1,3,6,0,1,72,11.1,573,11:56,10,29,41,64,39.0,engvapi01,19-20
Tyler Ennis,30,TOT,C,70,16,21,37,-6,20,3.5,11,5,0,1,16,5,0,159,10.1,1030,14:43,26,96,7,8,46.7,ennisty01,19-20
Jonathan Ericsson,35,DET,D,18,0,0,0,-12,4,-0.5,0,0,0,0,0,0,0,16,0.0,256,14:15,14,24,0,0,,ericsjo01,19-20
Loui Eriksson,34,VAN,LW,49,6,7,13,-2,12,0.8,6,0,0,0,7,0,0,59,10.2,606,12:22,15,10,2,0,100.0,erikslo01,19-20
Joel Eriksson Ek,23,MIN,C,62,8,21,29,7,22,2.3,7,1,0,4,20,0,1,102,7.8,974,15:43,43,93,367,428,46.2,eriksjo02,19-20
Adam Erne,24,DET,LW,56,2,3,5,-24,28,-1.0,2,0,0,0,3,0,0,63,3.2,662,11:49,25,142,20,13,60.6,ernead01,19-20
Jake Evans,23,MTL,C,13,2,1,3,1,0,0.3,2,0,0,0,1,0,0,14,14.3,135,10:21,5,16,29,27,51.8,evansja02,19-20
Robby Fabbri,24,TOT,C,61,15,17,32,-33,20,2.2,9,6,0,3,14,3,0,111,13.5,985,16:09,14,75,27,40,40.3,fabbrro01,19-20
Dante Fabbro,21,NSH,D,64,5,6,11,-7,38,1.7,4,1,0,0,6,0,0,92,5.4,1218,19:02,85,54,0,0,,fabbrda01,19-20
Radek Faksa,26,DAL,C,66,11,9,20,-6,42,1.4,8,3,0,3,9,0,0,109,10.1,1049,15:53,44,84,404,407,49.8,faksara01,19-20
Oscar Fantenberg,28,VAN,D,36,1,5,6,-10,6,0.4,1,0,0,0,4,1,0,45,2.2,573,15:55,62,67,0,0,,fanteos01,19-20
Joel Farabee,19,PHI,LW,52,8,13,21,6,39,1.9,7,1,0,1,12,1,0,81,9.9,733,14:06,18,31,3,7,30.0,farabjo01,19-20
Jesper Fast,28,NYR,RW,69,12,17,29,16,20,2.5,10,0,2,1,17,0,0,84,14.3,1146,16:36,53,125,9,17,34.6,fastje01,19-20
Justin Faulk,27,STL,D,69,5,11,16,-3,32,3.0,4,1,0,1,8,2,1,147,3.4,1419,20:34,76,82,0,0,,faulkju01,19-20
Taylor Fedun,31,DAL,D,27,2,7,9,3,8,1.9,2,0,0,0,7,0,0,40,5.0,371,13:45,19,16,0,0,,fedunta01,19-20
Martin Fehérváry,20,WSH,D,6,0,1,1,-2,6,0.0,0,0,0,0,1,0,0,7,0.0,96,15:59,2,14,0,0,,feherma01,19-20
Micheal Ferland,27,VAN,LW,14,1,4,5,-3,7,0.2,1,0,0,0,4,0,0,15,6.7,137,9:48,2,40,2,0,100.0,ferlami01,19-20
Mario Ferraro,21,SJS,D,61,2,9,11,-15,30,1.6,2,0,0,0,8,0,1,63,3.2,969,15:53,58,120,0,0,,ferrama01,19-20
Kevin Fiala,23,MIN,LW,64,23,31,54,-1,42,6.0,14,9,0,4,22,9,0,175,13.1,986,15:24,18,25,2,7,22.2,fialake01,19-20
Valtteri Filppula,35,DET,C,70,6,15,21,-42,24,-0.4,4,1,1,0,11,4,0,63,9.5,1163,16:37,31,28,324,398,44.9,filppva01,19-20
Christian Fischer,22,ARI,RW,56,6,3,9,2,16,0.7,6,0,0,1,3,0,0,83,7.2,617,11:01,22,140,3,8,27.3,fischch01,19-20
Cale Fleury,21,MTL,D,41,1,0,1,-4,6,0.4,1,0,0,0,0,0,0,45,2.2,588,14:21,45,102,0,0,,fleurca01,19-20
Haydn Fleury,23,CAR,D,45,4,10,14,-2,8,2.2,4,0,0,0,9,0,1,65,6.2,615,13:40,45,48,0,0,,fleurha01,19-20
Warren Foegele,23,CAR,LW,68,13,17,30,9,34,3.1,10,0,3,1,17,0,0,129,10.1,932,13:43,17,64,18,21,46.2,foegewa01,19-20
Steven Fogarty,26,NYR,C,7,0,0,0,-1,0,-0.1,0,0,0,0,0,0,0,2,0.0,41,5:53,4,4,6,3,66.7,fogarst01,19-20
Marcus Foligno,28,MIN,LW,59,11,14,25,8,30,2.4,11,0,0,0,14,0,0,86,12.8,861,14:35,36,184,9,15,37.5,foligma01,19-20
Nick Foligno,32,CBJ,LW,67,10,21,31,-3,62,2.3,8,2,0,1,18,2,1,131,7.6,1251,18:40,50,212,159,160,49.8,foligni01,19-20
Christian Folin,28,MTL,D,16,1,1,2,-1,13,0.4,1,0,0,0,1,0,0,13,7.7,231,14:26,21,38,0,0,,folinch01,19-20
Derek Forbort,27,TOT,D,20,0,1,1,-5,4,0.2,0,0,0,0,1,0,0,22,0.0,356,17:49,30,35,0,0,,forbode01,19-20
Filip Forsberg,25,NSH,C,63,21,27,48,-7,29,4.8,14,7,0,2,20,7,0,198,10.6,1093,17:21,27,82,1,2,33.3,forsbfi01,19-20
Liam Foudy,19,CBJ,C,2,0,1,1,1,0,0.1,0,0,0,0,1,0,0,3,0.0,28,14:13,0,3,0,0,,foudyli01,19-20
Cam Fowler,28,ANA,D,59,9,20,29,0,20,5.3,7,2,0,2,14,6,0,117,7.7,1297,21:59,58,25,0,0,,fowleca01,19-20
Adam Fox,21,NYR,D,70,8,34,42,22,32,7.4,7,1,0,4,22,12,0,125,6.4,1323,18:54,92,35,0,0,,foxad01,19-20
Trent Frederic,21,BOS,C,2,0,0,0,-1,0,-0.1,0,0,0,0,0,0,0,1,0.0,13,6:26,0,8,0,0,,fredetr01,19-20
Mark Friedman,24,PHI,D,6,0,1,1,0,2,0.2,0,0,0,0,1,0,0,2,0.0,82,13:35,5,8,0,0,,friedma01,19-20
Martin Frk,26,LAK,RW,17,6,2,8,-1,4,1.0,5,1,0,1,2,0,0,26,23.1,235,13:50,3,14,0,0,,frkma01,19-20
Michael Frolík,31,TOT,LW,57,6,8,14,-12,28,0.5,4,0,2,1,7,0,1,70,8.6,709,12:26,22,32,6,15,28.6,frolimi01,19-20
Morgan Frost,20,PHI,C,20,2,5,7,-3,4,0.3,1,0,1,0,5,0,0,31,6.5,274,13:41,4,4,44,49,47.3,frostmo01,19-20
Sam Gagner,30,TOT,C,42,6,7,13,-10,12,0.7,4,2,0,0,6,1,0,79,7.6,561,13:21,10,22,45,57,44.1,gagnesa01,19-20
Alex Galchenyuk,25,TOT,C,59,8,16,24,-5,16,1.8,6,2,0,0,11,5,0,86,9.3,726,12:18,17,52,67,64,51.1,galchal01,19-20
Brendan Gallagher,27,MTL,RW,59,22,21,43,9,29,5.5,21,1,0,1,17,4,0,226,9.7,998,16:55,29,53,12,17,41.4,gallabr01,19-20
Dylan Gambrell,23,SJS,C,50,5,6,11,-8,17,0.5,5,0,0,1,5,1,0,43,11.6,598,11:57,29,40,170,200,45.9,gambrdy01,19-20
Jake Gardiner,29,CAR,D,68,4,20,24,-24,30,2.0,3,1,0,2,10,10,0,87,4.6,1133,16:40,42,43,0,0,,gardija01,19-20
Rhett Gardner,23,DAL,C,8,0,0,0,0,2,-0.1,0,0,0,0,0,0,0,8,0.0,81,10:08,2,8,25,28,47.2,gardnrh01,19-20
Conor Garland,23,ARI,RW,68,22,17,39,1,20,4.9,18,4,0,5,11,6,0,158,13.9,962,14:09,20,26,4,7,36.4,garlaco01,19-20
Adam Gaudette,23,VAN,C,59,12,21,33,-7,37,3.0,8,4,0,1,13,8,0,75,16.0,731,12:23,20,29,187,267,41.2,gaudead01,19-20
Johnny Gaudreau,26,CGY,LW,70,18,40,58,-10,12,5.4,12,6,0,2,28,12,0,209,8.6,1315,18:47,11,1,1,3,25.0,gaudrjo01,19-20
Brendan Gaunce,25,BOS,C,1,0,1,1,1,2,0.1,0,0,0,0,1,0,0,0,,9,9:10,0,2,0,1,0.0,gauncbr01,19-20
Cameron Gaunce,29,TBL,D,3,1,3,4,2,4,0.7,1,0,0,0,3,0,0,5,20.0,36,11:52,2,5,0,0,,gauncca01,19-20
Frederik Gauthier,24,TOR,C,61,7,5,12,-4,10,0.7,7,0,0,0,5,0,0,42,16.7,573,9:23,23,66,208,172,54.7,gauthfr01,19-20
Julien Gauthier,22,TOT,RW,17,0,3,3,1,8,0.1,0,0,0,0,3,0,0,10,0.0,141,8:17,7,15,1,2,33.3,gauthju01,19-20
Vladislav Gavrikov,24,CBJ,D,69,5,13,18,1,18,4.3,5,0,0,1,13,0,0,81,6.2,1310,18:59,92,79,0,0,,gavrivl01,19-20
Morgan Geekie,21,CAR,C,2,3,1,4,3,2,0.8,3,0,0,0,1,0,0,4,75.0,24,11:47,4,1,12,10,54.5,geekimo01,19-20
Nathan Gerbe,32,CBJ,C,30,4,6,10,-7,22,0.6,4,0,0,0,6,0,0,55,7.3,413,13:45,8,46,6,6,50.0,gerbena01,19-20
Timothy Gettinger,21,NYR,LW,2,0,1,1,1,0,0.1,0,0,0,0,1,0,0,3,0.0,17,8:23,1,5,0,2,0.0,gettiti01,19-20
Ryan Getzlaf,34,ANA,C,69,13,29,42,-16,58,3.1,10,3,0,5,23,6,0,143,9.1,1292,18:44,69,125,530,504,51.3,getzlry01,19-20
Brian Gibbons,31,CAR,C,15,0,0,0,-7,4,-0.5,0,0,0,0,0,0,0,9,0.0,146,9:46,9,7,0,0,,gibbobr02,19-20
Dennis Gilbert,23,CHI,D,21,1,2,3,-8,38,0.0,1,0,0,0,2,0,0,12,8.3,330,15:42,33,74,0,0,,gilbede01,19-20
John Gilmour,26,BUF,D,4,0,0,0,-2,0,-0.1,0,0,0,0,0,0,0,5,0.0,68,17:03,3,3,0,0,,gilmojo01,19-20
Mark Giordano,36,CGY,D,60,5,26,31,2,34,5.4,3,2,0,0,15,9,2,157,3.2,1433,23:53,148,42,0,0,,giordma01,19-20
Samuel Girard,21,COL,D,70,4,30,34,1,17,4.6,3,1,0,1,18,12,0,96,4.2,1492,21:19,92,46,0,0,,girarsa01,19-20
Zemgus Girgensons,26,BUF,C,69,12,7,19,-1,10,1.6,11,0,1,1,7,0,0,85,14.1,952,13:48,20,110,30,43,41.1,girgeze01,19-20
Claude Giroux,32,PHI,C,69,21,32,53,7,28,5.5,13,7,1,6,18,13,1,197,10.7,1310,18:59,16,45,663,460,59.0,giroucl01,19-20
Cody Glass,20,VEG,C,39,5,7,12,-7,6,0.6,4,1,0,1,2,5,0,51,9.8,521,13:22,6,15,60,83,42.0,glassco01,19-20
Luke Glendening,30,DET,C,60,6,3,9,-29,14,-0.8,5,0,1,1,3,0,0,76,7.9,921,15:21,68,147,393,307,56.1,glendlu01,19-20
Nikolay Goldobin,24,VAN,LW,1,0,0,0,0,0,0.0,0,0,0,0,0,0,0,0,,9,8:37,0,1,0,0,,goldoni01,19-20
Alex Goligoski,34,ARI,D,70,4,28,32,8,24,6.4,2,2,0,0,19,9,0,101,4.0,1614,23:03,134,91,0,0,,goligal01,19-20
Cody Goloubef,30,TOT,D,26,1,1,2,-3,8,0.4,1,0,0,0,1,0,0,18,5.6,395,15:11,24,45,0,0,,golouco01,19-20
Barclay Goodrow,26,TOT,RW,70,8,18,26,-8,97,1.5,8,0,0,2,15,2,1,102,7.8,1115,15:56,66,162,393,406,49.2,goodrba01,19-20
Shayne Gostisbehere,26,PHI,D,42,5,7,12,-4,20,2.0,4,1,0,1,3,4,0,73,6.8,768,18:18,37,14,0,0,,gostish01,19-20
Yanni Gourde,28,TBL,C,70,10,20,30,-5,49,2.0,7,1,2,5,14,5,1,110,9.1,985,14:04,20,78,93,79,54.1,gourdya01,19-20
Michael Grabner,32,ARI,RW,46,8,3,11,-4,6,1.0,7,0,1,0,3,0,0,61,13.1,569,12:22,12,21,0,4,0.0,grabnmi01,19-20
Markus Granlund,26,EDM,C,34,3,1,4,-1,14,0.1,3,0,0,1,1,0,0,26,11.5,368,10:50,18,15,25,32,43.9,granlma01,19-20
Mikael Granlund,27,NSH,C,63,17,13,30,-4,28,2.6,12,4,1,4,11,2,0,130,13.1,1122,17:48,55,42,73,77,48.7,granlmi01,19-20
Derek Grant,29,TOT,C,56,15,10,25,1,30,2.9,10,2,3,5,8,0,2,94,16.0,779,13:55,25,54,358,336,51.6,grantde01,19-20
Tyler Graovac,26,VAN,C,8,2,0,2,-2,2,0.2,0,2,0,0,0,0,0,5,40.0,50,6:16,3,6,8,14,36.4,graovty01,19-20
Kevin Gravel,27,TOR,D,3,0,0,0,0,0,0.0,0,0,0,0,0,0,0,2,0.0,33,11:05,3,2,0,0,,graveke01,19-20
Ryan Graves,24,COL,D,69,9,17,26,40,45,7.2,9,0,0,0,15,0,2,134,6.7,1307,18:57,150,112,0,0,,gravery01,19-20
Mike Green,34,TOT,D,50,3,8,11,-34,32,0.5,2,1,0,1,5,3,0,76,3.9,1044,20:53,66,61,0,0,,greenmi03,19-20
Andy Greene,37,TOT,D,63,2,12,14,1,16,3.2,2,0,0,0,9,1,2,60,3.3,1231,19:33,155,30,0,0,,greenan01,19-20
Jordan Greenway,22,MIN,LW,67,8,20,28,2,54,2.0,8,0,0,1,17,3,0,93,8.6,949,14:10,44,95,15,12,55.6,greenjo02,19-20
Noah Gregor,21,SJS,C,28,3,2,5,-5,8,0.2,2,1,0,0,1,1,0,33,9.1,282,10:04,6,50,6,13,31.6,gregono01,19-20
Rocco Grimaldi,26,NSH,C,66,10,21,31,10,10,3.1,10,0,0,1,21,0,0,122,8.2,835,12:39,14,23,1,5,16.7,grimaro01,19-20
Jordan Gross,24,ARI,D,2,0,1,1,2,0,0.3,0,0,0,0,1,0,0,3,0.0,32,16:11,1,0,0,0,,grossjo01,19-20
Carl Grundström,22,LAK,RW,13,0,4,4,2,8,0.2,0,0,0,0,4,0,0,16,0.0,166,12:46,4,29,0,0,,grundca01,19-20
Matt Grzelcyk,26,BOS,D,68,4,17,21,15,34,4.7,3,1,0,1,10,6,1,112,3.6,1228,18:04,67,56,0,0,,grzelma01,19-20
Radko Gudas,29,WSH,D,63,2,13,15,15,40,3.2,2,0,0,1,13,0,0,90,2.2,1054,16:44,75,164,0,0,,gudasra01,19-20
Erik Gudbranson,28,TOT,D,51,4,5,9,0,95,2.4,4,0,0,0,4,0,1,78,5.1,988,19:22,58,89,0,0,,gudbrer01,19-20
Jake Guentzel,25,PIT,C,39,20,23,43,11,14,5.5,14,6,0,4,19,4,0,127,15.7,805,20:38,19,46,22,24,47.8,guentja01,19-20
Brendan Guhle,22,ANA,D,30,4,4,8,-2,10,1.6,4,0,0,1,4,0,0,39,10.3,512,17:04,43,21,0,0,,guhlebr01,19-20
Carl Gunnarsson,33,STL,D,36,2,5,7,8,16,2.0,2,0,0,0,4,0,1,31,6.5,568,15:47,51,27,0,0,,gunnaca01,19-20
Denis Gurianov,22,DAL,RW,64,20,9,29,5,13,4.0,13,7,0,4,4,5,0,132,15.2,831,12:59,18,63,0,0,,guriade01,19-20
Nikita Gusev,27,NJD,LW,66,13,31,44,-15,12,3.8,8,5,0,2,21,10,0,158,8.2,970,14:42,7,12,1,2,33.3,gusevni01,19-20
David Gustafsson,19,WPG,C,22,1,0,1,-2,0,-0.1,1,0,0,1,0,0,0,4,25.0,135,6:09,6,5,34,29,54.0,gustada01,19-20
Erik Gustafsson,27,TOT,D,66,6,23,29,-9,27,3.9,4,2,0,0,16,7,0,103,5.8,1345,20:23,58,86,0,0,,gustaer02,19-20
Gaetan Haas,28,EDM,F,58,5,5,10,-1,6,0.6,5,0,0,0,4,1,0,54,9.3,562,9:42,28,58,172,236,42.2,haasga01,19-20
Brandon Hagel,21,CHI,LW,1,0,0,0,0,0,0.0,0,0,0,0,0,0,0,4,0.0,12,11:48,1,1,0,0,,hagelbr01,19-20
Carl Hagelin,31,WSH,LW,58,8,17,25,12,16,2.3,7,0,1,2,15,0,2,107,7.5,831,14:19,19,24,13,15,46.4,hagelca01,19-20
Robert Hägg,24,PHI,D,49,3,10,13,14,30,3.3,2,1,0,0,10,0,0,38,7.9,764,15:36,79,136,0,0,,haggro01,19-20
Nicolas Hague,21,VEG,D,38,1,10,11,0,32,1.7,0,1,0,0,7,3,0,54,1.9,611,16:05,26,69,0,0,,hagueni01,19-20
Ron Hainsey,38,OTT,D,64,1,11,12,10,12,3.1,1,0,0,1,8,0,3,43,2.3,1324,20:41,102,51,0,0,,hainsro01,19-20
Libor Hájek,21,NYR,D,28,0,5,5,-4,12,0.4,0,0,0,0,5,0,0,23,0.0,448,15:59,44,24,0,0,,hajekli01,19-20
Jani Hakanpää,27,ANA,D,5,1,0,1,1,2,0.4,1,0,0,0,0,0,0,4,25.0,91,18:07,7,15,0,0,,hakanja01,19-20
Micheal Haley,33,NYR,C,22,1,0,1,-7,50,-0.3,1,0,0,0,0,0,0,9,11.1,122,5:32,6,36,7,5,58.3,haleymi01,19-20
Taylor Hall,28,TOT,LW,65,16,36,52,-14,34,4.6,12,4,0,1,22,14,0,232,6.9,1246,19:10,29,47,20,31,39.2,hallta02,19-20
Dan Hamhuis,37,NSH,D,60,0,8,8,6,35,1.7,0,0,0,0,8,0,0,44,0.0,871,14:31,53,64,0,0,,hamhuda01,19-20
Dougie Hamilton,26,CAR,D,47,14,26,40,30,32,8.6,12,2,0,3,15,10,1,170,8.2,1094,23:17,63,52,0,0,,hamildo01,19-20
Travis Hamonic,29,CGY,D,50,3,9,12,-3,27,2.5,3,0,0,0,9,0,0,83,3.6,1060,21:12,110,39,0,0,,hamontr01,19-20
Noah Hanifin,23,CGY,D,70,5,17,22,-12,12,3.5,4,1,0,0,13,4,0,132,3.8,1482,21:10,89,82,0,0,,hanifno01,19-20
Joel Hanley,28,DAL,D,8,0,2,2,0,6,0.3,0,0,0,0,2,0,0,4,0.0,91,11:21,8,3,0,0,,hanlejo01,19-20
Jansen Harkins,22,WPG,C,29,2,5,7,-2,5,0.3,2,0,0,0,5,0,0,29,6.9,308,10:37,10,8,0,5,0.0,harkija01,19-20
Scott Harrington,26,CBJ,D,39,1,7,8,-3,16,1.5,1,0,0,0,7,0,0,37,2.7,544,13:57,48,46,0,0,,harrisc01,19-20
Ryan Hartman,25,MIN,RW,69,9,11,20,4,69,1.6,8,1,0,1,11,0,0,114,7.9,846,12:15,54,44,83,69,54.6,hartmry01,19-20
Garnet Hathaway,28,WSH,RW,66,9,7,16,6,79,1.5,9,0,0,1,6,0,1,80,11.3,711,10:47,46,189,9,20,31.0,hathaga01,19-20
Erik Haula,28,TOT,LW,48,12,12,24,1,22,2.4,8,4,0,2,8,4,0,92,13.0,760,15:50,15,27,381,323,54.1,haulaer01,19-20
Jayce Hawryluk,24,TOT,C,26,3,7,10,1,16,0.9,3,0,0,0,7,0,0,26,11.5,288,11:06,9,65,4,8,33.3,hawryja01,19-20
John Hayden,24,NJD,C,43,3,1,4,-2,77,0.0,3,0,0,1,1,0,0,39,7.7,418,9:43,27,87,4,15,21.1,haydejo01,19-20
Kevin Hayes,27,PHI,RW,69,23,18,41,-6,34,4.1,15,4,4,5,15,3,0,175,13.1,1223,17:44,22,88,415,411,50.2,hayeske01,19-20
Barrett Hayton,19,ARI,C,20,1,3,4,2,14,0.3,1,0,0,1,3,0,0,27,3.7,223,11:09,3,14,23,38,37.7,haytoba01,19-20
Victor Hedman,29,TBL,D,66,11,44,55,27,31,9.5,7,4,0,3,26,18,0,155,7.1,1588,24:04,98,73,0,0,,hedmavi01,19-20
Tim Heed,29,SJS,D,38,1,4,5,-10,2,0.6,1,0,0,0,3,1,0,44,2.3,494,13:00,30,16,0,1,0.0,heedti01,19-20
Danton Heinen,24,TOT,C,67,10,16,26,-2,10,2.1,7,3,0,2,13,3,0,109,9.2,969,14:28,34,35,5,8,38.5,heineda01,19-20
Ville Heinola,18,WPG,D,8,1,4,5,3,4,1.0,1,0,0,0,3,1,0,10,10.0,145,18:04,5,3,0,0,,heinovi01,19-20
Miro Heiskanen,20,DAL,D,68,8,27,35,14,12,7.8,8,0,0,0,20,7,0,163,4.9,1616,23:46,84,40,0,0,,heiskmi01,19-20
Darren Helm,33,DET,C,68,9,7,16,-6,37,1.1,8,0,1,0,6,0,1,102,8.8,934,13:44,26,88,15,13,53.6,helmda01,19-20
Adam Henrique,29,ANA,C,71,26,17,43,-3,22,5.2,21,5,0,1,13,4,0,169,15.4,1198,16:52,32,75,512,419,55.0,henriad01,19-20
Tomáš Hertl,26,SJS,C,48,16,20,36,-18,16,3.3,12,2,2,1,15,5,0,117,13.7,885,18:27,25,29,433,357,54.8,hertlto01,19-20
Joe Hicketts,23,DET,D,6,0,2,2,-5,2,0.0,0,0,0,0,2,0,0,6,0.0,110,18:17,13,14,0,0,,hickejo01,19-20
Matthew Highmore,23,CHI,LW,36,2,4,6,-1,6,0.2,2,0,0,0,4,0,0,35,5.7,353,9:49,9,38,1,3,25.0,highmma01,19-20
Vinnie Hinostroza,25,ARI,C,68,5,17,22,1,14,1.5,5,0,0,0,15,1,1,132,3.8,891,13:06,26,51,26,35,42.6,hinosvi01,19-20
Roope Hintz,23,DAL,LW,60,19,14,33,3,16,4.2,14,3,2,5,3,11,0,120,15.8,885,14:45,28,73,172,173,49.9,hintzro01,19-20
Taro Hirose,23,DET,LW,26,2,5,7,-12,6,0.0,2,0,0,0,0,5,0,21,9.5,326,12:33,16,13,0,5,0.0,hirosta01,19-20
Nico Hischier,21,NJD,C,58,14,22,36,-16,12,2.9,11,2,1,1,13,8,1,123,11.4,1048,18:04,37,48,507,473,51.7,hischni01,19-20
Niklas Hjalmarsson,32,ARI,D,27,1,4,5,-2,14,1.1,1,0,0,0,3,0,1,18,5.6,507,18:46,45,20,0,0,,hjalmni01,19-20
Mike Hoffman,30,FLA,C,69,29,30,59,-5,28,6.6,18,11,0,3,20,10,0,214,13.6,1162,16:50,22,33,7,8,46.7,hoffmmi02,19-20
Nick Holden,32,VEG,D,61,6,8,14,-1,13,2.8,5,1,0,0,7,0,1,101,5.9,1150,18:51,74,129,0,0,,holdeni01,19-20
Justin Holl,28,TOR,D,68,2,16,18,13,43,3.5,2,0,0,0,16,0,0,89,2.2,1259,18:31,83,89,0,0,,hollju01,19-20
Korbinian Holzer,31,TOT,D,49,1,3,4,-2,37,1.2,1,0,0,0,2,0,1,39,2.6,786,16:02,96,97,0,0,,holzeko01,19-20
Patric Hörnqvist,33,PIT,RW,52,17,15,32,9,36,3.9,14,3,0,2,11,4,0,168,10.1,828,15:56,41,107,2,4,33.3,hornqpa01,19-20
Bo Horvat,24,VAN,C,69,22,31,53,-15,21,4.6,10,12,0,2,27,4,0,178,12.4,1362,19:44,66,55,850,633,57.3,horvabo01,19-20
Brett Howden,21,NYR,C,70,9,10,19,-11,28,0.6,8,1,0,2,7,1,2,64,14.1,920,13:09,67,69,251,270,48.2,howdebr01,19-20
Filip Hronek,22,DET,D,65,9,22,31,-38,46,3.6,8,1,0,0,13,9,0,125,7.2,1553,23:54,74,105,0,0,,hronefi01,19-20
Jonathan Huberdeau,26,FLA,LW,69,23,55,78,5,30,8.0,18,5,0,3,31,24,0,152,15.1,1295,18:46,26,51,24,37,39.3,huberjo01,19-20
Charles Hudon,25,MTL,LW,15,1,1,2,-9,0,-0.3,1,0,0,1,1,0,0,22,4.5,173,11:32,2,25,1,3,25.0,hudonch01,19-20
Cameron Hughes,23,BOS,C,1,0,0,0,-1,0,-0.1,0,0,0,0,0,0,0,0,,10,9:53,2,1,0,0,,hugheca01,19-20
Jack Hughes,18,NJD,C,61,7,14,21,-26,10,0.4,3,4,0,2,9,5,0,123,5.7,968,15:52,21,12,167,295,36.1,hugheja03,19-20
Quinn Hughes,20,VAN,D,68,8,45,53,-10,22,6.5,5,3,0,2,23,22,0,126,6.3,1488,21:53,46,7,0,0,,hughequ01,19-20
Brad Hunt,31,MIN,D,59,8,11,19,-7,6,2.8,5,3,0,0,4,7,0,106,7.5,893,15:08,39,12,0,0,,huntbr01,19-20
Dryden Hunt,24,FLA,LW,21,0,4,4,0,24,0.0,0,0,0,0,4,0,0,33,0.0,220,10:30,7,37,0,0,,huntdr01,19-20
Ben Hutton,26,LAK,D,65,4,12,16,5,14,4.0,4,0,0,1,12,0,0,114,3.5,1187,18:16,76,51,0,0,,huttobe01,19-20
Zach Hyman,27,TOR,C,51,21,16,37,13,23,4.5,17,3,1,1,13,3,0,106,19.8,974,19:06,23,52,70,90,43.8,hymanza01,19-20
Alex Iafallo,26,LAK,C,70,17,26,43,1,14,4.2,11,6,0,3,23,3,0,142,12.0,1325,18:56,47,49,11,12,47.8,iafalal01,19-20
Matt Irwin,32,TOT,D,36,0,3,3,-15,15,-0.5,0,0,0,0,3,0,0,58,0.0,521,14:28,54,80,0,0,,irwinma01,19-20
Joshua Jacobs,23,NJD,D,2,0,0,0,1,2,0.1,0,0,0,0,0,0,0,3,0.0,33,16:36,4,3,0,0,,jacobjo01,19-20
Mark Jankowski,25,CGY,C,56,5,2,7,-12,14,-0.2,5,0,0,0,2,0,0,38,13.2,621,11:06,33,14,191,235,44.8,jankoma01,19-20
Mattias Janmark,27,DAL,C,62,6,15,21,-5,12,1.3,4,1,1,0,10,4,1,86,7.0,906,14:37,37,22,30,39,43.5,janmama02,19-20
Calle Järnkrok,28,NSH,C,64,15,19,34,4,14,3.3,11,2,2,1,12,7,0,136,11.0,1020,15:56,27,28,33,37,47.1,jarnkca01,19-20
Christián Jaroš,23,OTT,D,13,0,3,3,-2,6,0.3,0,0,0,0,2,0,1,5,0.0,137,10:31,12,14,0,0,,jarosch01,19-20
Boone Jenner,26,CBJ,C,70,11,13,24,-14,36,1.2,9,2,0,1,10,2,1,179,6.1,1268,18:07,80,109,644,523,55.2,jennebo01,19-20
Nick Jensen,29,WSH,D,68,0,8,8,1,13,1.3,0,0,0,0,7,1,0,61,0.0,1212,17:49,71,59,0,0,,jenseni02,19-20
Ryan Johansen,27,NSH,C,68,14,22,36,-5,45,2.8,10,3,1,2,16,6,0,101,13.9,1160,17:03,34,39,549,483,53.2,johanry01,19-20
Marcus Johansson,29,BUF,C,60,9,21,30,-12,20,1.9,8,1,0,1,16,5,0,87,10.3,1029,17:09,22,39,197,294,40.1,johanma03,19-20
Stephen Johns,27,DAL,D,17,2,3,5,0,10,1.1,2,0,0,0,3,0,0,30,6.7,300,17:40,20,50,0,0,,johnsst03,19-20
Adam Johnson,25,PIT,C,7,1,1,2,-1,2,0.2,1,0,0,0,1,0,0,5,20.0,47,6:42,3,4,0,0,,johnsad01,19-20
Erik Johnson,31,COL,D,59,3,13,16,9,20,3.1,3,0,0,1,13,0,0,99,3.0,1242,21:03,115,97,0,0,,johnser01,19-20
Jack Johnson,33,PIT,D,67,3,8,11,-1,26,2.5,2,0,1,0,8,0,0,63,4.8,1304,19:28,97,183,0,0,,johnsja02,19-20
Luke Johnson,25,MIN,C,3,0,0,0,-3,0,-0.2,0,0,0,0,0,0,0,1,0.0,35,11:35,0,6,16,16,50.0,johnslu01,19-20
Tyler Johnson,29,TBL,C,65,14,17,31,9,16,3.1,13,1,0,2,11,6,0,113,12.4,945,14:33,22,62,173,180,49.0,johnsty01,19-20
Andreas Johnsson,25,TOR,LW,43,8,13,21,0,14,1.6,4,4,0,1,12,1,0,78,10.3,677,15:45,21,43,0,2,0.0,johnsan01,19-20
Ross Johnston,25,NYI,LW,32,3,1,4,1,78,0.3,3,0,0,0,1,0,0,16,18.8,256,7:59,14,93,1,0,100.0,johnsro02,19-20
Henri Jokiharju,20,BUF,D,69,4,11,15,-6,32,2.6,3,1,0,0,10,1,0,78,5.1,1188,17:13,63,74,0,0,,jokihhe01,19-20
Caleb Jones,22,EDM,D,43,4,5,9,-1,10,1.9,4,0,0,1,4,1,0,38,10.5,608,14:08,46,33,0,0,,jonesca01,19-20
Max Jones,21,ANA,LW,59,8,4,12,-6,36,0.5,7,0,1,0,3,1,0,102,7.8,842,14:16,18,82,11,16,40.7,jonesma03,19-20
Seth Jones,25,CBJ,D,56,6,24,30,10,20,6.5,4,2,0,0,16,7,1,126,4.8,1416,25:17,123,62,0,0,,jonesse01,19-20
Mathieu Joseph,22,TBL,RW,37,4,3,7,-2,16,0.2,4,0,0,0,2,0,1,35,11.4,426,11:31,10,47,4,10,28.6,josepma01,19-20
Roman Josi,29,NSH,D,69,16,49,65,22,41,10.9,12,4,0,1,30,19,0,260,6.2,1779,25:47,108,52,0,0,,josiro01,19-20
Tyson Jost,21,COL,C,67,8,15,23,11,22,2.0,7,1,0,0,11,4,0,115,7.0,855,12:46,18,58,85,170,33.3,jostty01,19-20
Tomáš Jurčo,27,EDM,RW,12,0,2,2,1,4,0.1,0,0,0,0,2,0,0,7,0.0,120,9:59,3,4,2,2,50.0,jurcoto01,19-20
Nazem Kadri,29,COL,C,51,19,17,36,7,97,4.2,15,4,0,1,10,7,0,133,14.3,889,17:26,9,61,407,310,56.8,kadrina01,19-20
Dominik Kahun,24,TOT,C,56,12,19,31,8,8,3.4,11,1,0,2,18,1,0,87,13.8,744,13:17,22,5,29,31,48.3,kahundo01,19-20
Kaapo Kakko,18,NYR,RW,66,10,13,23,-26,14,0.5,8,2,0,3,2,11,0,109,9.2,942,14:17,11,20,2,4,33.3,kakkoka01,19-20
Vladislav Kamenev,23,COL,LW,38,1,7,8,-2,8,0.2,1,0,0,1,5,2,0,32,3.1,341,8:59,16,34,57,50,53.3,kamenvl01,19-20
David Kämpf,25,CHI,C,70,8,8,16,-11,8,0.3,7,0,1,2,8,0,0,90,8.9,957,13:40,26,52,313,285,52.3,kampfda01,19-20
Steven Kampfer,31,BOS,D,10,0,2,2,2,2,0.5,0,0,0,0,0,2,0,13,0.0,136,13:38,8,15,0,0,,kampfst01,19-20
Evander Kane,28,SJS,LW,64,26,21,47,-12,122,5.1,10,14,2,6,17,4,0,216,12.0,1250,19:32,25,135,106,95,52.7,kaneev01,19-20
Patrick Kane,31,CHI,RW,70,33,51,84,8,40,9.6,25,8,0,2,36,15,0,275,12.0,1494,21:20,19,24,1,3,25.0,kanepa01,19-20
Kasperi Kapanen,23,TOR,RW,69,13,23,36,0,22,2.9,11,0,2,2,20,3,0,121,10.7,1090,15:47,17,73,2,13,13.3,kapanka01,19-20
Erik Karlsson,29,SJS,D,56,6,34,40,-15,16,5.5,4,1,1,0,22,12,0,120,5.0,1373,24:31,74,26,0,0,,karlser01,19-20
Melker Karlsson,29,SJS,C,61,6,6,12,-7,20,0.5,6,0,0,0,6,0,0,56,10.7,748,12:16,39,38,14,17,45.2,karlsme01,19-20
William Karlsson,27,VEG,C,63,15,31,46,11,16,4.6,11,2,2,1,22,6,3,138,10.9,1189,18:52,38,40,491,455,51.9,karlswi01,19-20
David Kaše,23,PHI,RW,6,1,0,1,1,0,0.1,1,0,0,1,0,0,0,5,20.0,59,9:47,1,4,1,0,100.0,kaseda01,19-20
Ondřej Kaše,24,TOT,RW,55,7,17,24,-7,14,1.5,6,0,1,0,15,2,0,144,4.9,910,16:33,17,13,6,23,20.7,kaseon01,19-20
Zack Kassian,29,EDM,RW,59,15,19,34,0,69,3.6,15,0,0,1,19,0,0,99,15.2,924,15:40,8,157,1,2,33.3,kassiza01,19-20
Martin Kaut,20,COL,RW,9,2,1,3,-1,2,0.3,1,1,0,0,1,0,0,13,15.4,91,10:08,0,9,1,0,100.0,kautma01,19-20
Duncan Keith,36,CHI,D,61,3,24,27,1,18,4.2,1,2,0,0,15,9,0,111,2.7,1488,24:23,117,26,0,0,,keithdu01,19-20
Clayton Keller,21,ARI,C,70,17,27,44,-6,28,4.4,15,2,0,2,14,13,0,184,9.2,1141,16:18,13,20,8,13,38.1,kellecl01,19-20
Joel Kellman,25,SJS,F,31,3,4,7,-1,4,0.5,3,0,0,1,3,0,1,31,9.7,359,11:35,18,28,112,126,47.1,kellmjo01,19-20
Adrian Kempe,23,LAK,LW,69,11,21,32,-10,29,2.4,7,2,2,2,11,8,2,148,7.4,1105,16:01,17,71,92,131,41.3,kempead01,19-20
Michal Kempný,29,WSH,D,58,3,15,18,19,22,3.9,3,0,0,0,15,0,0,73,4.1,1081,18:38,72,42,0,0,,kempnmi01,19-20
Alexander Kerfoot,25,TOR,C,65,9,19,28,-2,32,1.8,8,1,0,1,17,2,0,88,10.2,960,14:46,41,48,191,216,46.9,kerfoal01,19-20
Phil Kessel,32,ARI,RW,70,14,24,38,-21,22,2.8,5,9,0,2,16,8,0,153,9.2,1200,17:09,20,11,2,7,22.2,kesseph01,19-20
Jujhar Khaira,25,EDM,LW,64,6,4,10,-19,38,-0.3,6,0,0,1,4,0,0,69,8.7,802,12:32,30,136,34,32,51.5,khairju01,19-20
Alex Killorn,30,TBL,C,68,26,23,49,19,20,6.0,18,8,0,7,18,5,0,130,20.0,1219,17:56,15,59,5,14,26.3,killoal01,19-20
Joel Kiviranta,23,DAL,F,11,1,0,1,-1,4,0.0,1,0,0,0,0,0,0,13,7.7,117,10:39,3,17,0,0,,kivirjo01,19-20
Oscar Klefbom,26,EDM,D,62,5,29,34,-17,24,4.4,3,2,0,0,13,16,0,159,3.1,1576,25:25,180,45,0,0,,klefbos01,19-20
John Klingberg,27,DAL,D,58,6,26,32,-10,22,5.0,4,2,0,0,11,15,0,120,5.0,1286,22:10,72,29,0,0,,klingjo01,19-20
Nikolai Knyzhov,21,SJS,D,3,0,0,0,-1,2,0.0,0,0,0,0,0,0,0,0,,32,10:49,4,4,0,0,,knyzhni01,19-20
Slater Koekkoek,25,CHI,D,42,1,9,10,3,42,1.9,1,0,0,1,9,0,0,47,2.1,704,16:45,58,64,0,0,,koekksl01,19-20
Mikko Koivu,36,MIN,C,55,4,17,21,2,28,1.1,3,1,0,0,10,6,1,74,5.4,856,15:34,33,25,431,380,53.1,koivumi01,19-20
Otto Koivula,21,NYI,LW,12,0,0,0,0,2,-0.2,0,0,0,0,0,0,0,4,0.0,95,7:55,4,12,24,41,36.9,koivuot01,19-20
Keegan Kolesar,22,VEG,RW,1,0,0,0,0,0,0.0,0,0,0,0,0,0,0,1,0.0,12,12:06,0,2,1,0,100.0,koleske01,19-20
Leo Komarov,33,NYI,C,48,4,10,14,2,10,0.9,4,0,0,1,9,0,1,46,8.7,605,12:36,29,123,34,52,39.5,komarle01,19-20
Travis Konecny,22,PHI,C,66,24,37,61,-1,28,6.7,19,5,0,3,19,18,0,141,17.0,1109,16:48,30,63,24,25,49.0,konectr01,19-20
Anže Kopitar,32,LAK,C,70,21,41,62,6,16,6.5,13,7,1,5,27,14,0,135,15.6,1473,21:02,56,49,777,631,55.2,kopitan01,19-20
Egor Korshkov,23,TOR,F,1,1,0,1,1,0,0.2,1,0,0,0,0,0,0,1,100.0,10,10:08,0,1,0,0,,korsheg01,19-20
Klim Kostin,20,STL,C,4,1,0,1,1,0,0.2,1,0,0,0,0,0,0,5,20.0,34,8:32,0,6,0,0,,kostikl01,19-20
Jesperi Kotkaniemi,19,MTL,C,36,6,2,8,-11,23,0.2,5,1,0,0,1,1,0,55,10.9,468,13:00,16,51,125,167,42.8,kotkaje01,19-20
Ilya Kovalchuk,36,TOT,LW,46,10,16,26,-4,18,2.3,8,2,0,3,13,3,0,115,8.7,780,16:58,23,52,8,16,33.3,kovalil01,19-20
Chris Kreider,28,NYR,LW,63,24,21,45,13,58,5.4,15,9,0,5,17,4,0,156,15.4,1087,17:15,42,116,53,70,43.1,kreidch01,19-20
David Krejčí,33,BOS,C,61,13,30,43,14,23,4.5,10,3,0,3,19,11,0,83,15.7,1048,17:10,32,37,370,367,50.2,krejcda01,19-20
Torey Krug,28,BOS,D,61,9,40,49,-4,33,6.7,7,2,0,4,14,26,0,144,6.3,1250,20:29,48,36,0,0,,krugto01,19-20
Dominik Kubalík,24,CHI,LW,68,30,16,46,2,16,6.1,26,4,0,3,12,4,0,157,19.1,977,14:22,17,79,6,13,31.6,kubaldo01,19-20
Nikita Kucherov,26,TBL,RW,68,33,52,85,26,38,10.5,29,4,0,6,31,21,0,210,15.7,1283,18:52,19,37,0,1,0.0,kucheni01,19-20
Karson Kuhlman,24,BOS,C,25,1,5,6,3,13,0.3,0,1,0,0,5,0,0,45,2.2,313,12:32,8,36,1,3,25.0,kuhlmka01,19-20
Tom Kühnhackl,28,NYI,RW,28,3,3,6,-4,2,0.3,3,0,0,1,2,0,1,28,10.7,316,11:18,22,31,0,0,,kuhnhto01,19-20
Dean Kukan,26,CBJ,D,33,1,4,5,-9,12,0.7,0,1,0,0,4,0,0,51,2.0,527,15:58,28,24,0,0,,kukande01,19-20
Brett Kulak,26,MTL,D,56,0,7,7,-1,12,1.4,0,0,0,0,7,0,0,101,0.0,960,17:08,50,59,0,0,,kulakbr01,19-20
Dmitry Kulikov,29,WPG,D,51,2,8,10,-4,32,1.8,2,0,0,1,8,0,0,54,3.7,1021,20:01,77,104,0,0,,kulikdm01,19-20
Luke Kunin,22,MIN,C,63,15,16,31,-10,55,2.6,14,0,1,1,14,2,0,128,11.7,974,15:28,54,64,210,262,44.5,kuninlu01,19-20
Janne Kuokkanen,21,NJD,C,1,0,0,0,0,0,0.0,0,0,0,0,0,0,0,0,,12,12:04,0,3,0,0,,kuokkja01,19-20
Sean Kuraly,27,BOS,C,69,6,17,23,-2,34,1.4,6,0,0,0,15,1,1,95,6.3,917,13:17,31,145,254,267,48.8,kuralse01,19-20
Evgeny Kuznetsov,27,WSH,C,63,19,33,52,-2,40,5.1,13,6,0,0,27,6,0,129,14.7,1124,17:51,16,35,348,455,43.3,kuzneev01,19-20
Oliver Kylington,22,CGY,D,48,2,5,7,-6,16,1.2,2,0,0,0,5,0,0,37,5.4,658,13:42,34,36,0,0,,kylinol01,19-20
Jordan Kyrou,21,STL,C,28,4,5,9,1,8,0.9,4,0,0,0,4,1,0,39,10.3,305,10:54,8,8,2,3,40.0,kyroujo01,19-20
Joel L'Esperance,24,DAL,RW,3,1,0,1,0,2,0.2,1,0,0,0,0,0,0,2,50.0,22,7:21,1,1,0,1,0.0,lespejo01,19-20
Kevin Labanc,24,SJS,RW,70,14,19,33,-33,38,1.9,11,3,0,3,13,6,0,176,8.0,1125,16:04,24,46,2,10,16.7,labanke01,19-20
Andrew Ladd,34,NYI,LW,4,1,0,1,2,4,0.2,1,0,0,0,0,0,0,5,20.0,48,11:58,0,23,0,0,,laddan01,19-20
Paul Ladue,27,LAK,D,2,0,1,1,0,0,0.1,0,0,0,0,1,0,0,2,0.0,26,12:48,3,2,0,0,,laduepa01,19-20
Sam Lafferty,24,PIT,C,50,6,7,13,5,23,1.3,6,0,0,1,7,0,0,56,10.7,481,9:37,17,95,117,119,49.6,laffesa01,19-20
William Lagesson,23,EDM,D,8,0,0,0,-4,0,-0.2,0,0,0,0,0,0,0,8,0.0,95,11:52,12,4,0,0,,lageswi01,19-20
Patrik Laine,21,WPG,RW,68,28,35,63,8,22,7.1,20,8,0,1,27,8,0,226,12.4,1320,19:25,35,97,10,17,37.0,lainepa01,19-20
Maxime Lajoie,22,OTT,D,6,0,0,0,0,0,0.0,0,0,0,0,0,0,0,3,0.0,47,7:49,3,2,0,0,,lajoima01,19-20
Gabriel Landeskog,27,COL,LW,54,21,23,44,-2,47,4.6,15,6,0,4,14,9,0,145,14.5,1082,20:02,35,86,274,212,56.4,landega01,19-20
Dylan Larkin,23,DET,C,71,19,34,53,-21,39,4.5,14,5,0,0,25,9,0,223,8.5,1509,21:15,45,52,715,647,52.5,larkidy01,19-20
Adam Larsson,27,EDM,D,49,1,5,6,0,35,1.8,1,0,0,0,5,0,0,61,1.6,972,19:50,82,112,0,0,,larssad01,19-20
Jacob Larsson,22,ANA,D,60,2,9,11,-9,12,1.7,2,0,0,0,9,0,0,58,3.4,969,16:09,57,34,0,0,,larssja01,19-20
Johan Larsson,27,BUF,LW,62,6,12,18,8,26,1.3,6,0,0,0,12,0,0,60,10.0,924,14:54,31,85,322,347,48.1,larssjo02,19-20
Brian Lashoff,29,DET,D,9,0,1,1,1,6,0.4,0,0,0,0,1,0,0,6,0.0,131,14:33,7,16,0,0,,lashobr01,19-20
Scott Laughton,25,PHI,C,49,13,14,27,13,26,3.3,13,0,0,2,14,0,0,74,17.6,716,14:36,26,109,146,125,53.9,laughsc01,19-20
Jeremy Lauzon,22,BOS,D,19,1,1,2,5,29,0.9,1,0,0,0,1,0,0,20,5.0,293,15:25,23,32,0,0,,lauzoje01,19-20
Curtis Lazar,24,BUF,C,38,5,5,10,-3,9,0.7,5,0,0,0,4,0,1,33,15.2,450,11:50,24,70,185,176,51.2,lazarcu01,19-20
Nick Leddy,28,NYI,D,60,3,18,21,-1,14,3.7,2,1,0,0,15,3,0,72,4.2,1267,21:07,72,62,0,0,,leddyni01,19-20
Anders Lee,29,NYI,LW,68,20,23,43,8,47,4.7,18,2,0,6,18,5,0,195,10.3,1244,18:18,50,102,90,109,45.2,leean01,19-20
Artturi Lehkonen,24,MTL,LW,70,13,14,27,2,24,2.4,12,0,1,1,14,0,0,140,9.3,1080,15:26,38,120,12,14,46.2,lehkoar01,19-20
Brendan Leipsic,25,WSH,LW,61,3,8,11,3,13,0.5,3,0,0,1,7,1,0,49,6.1,559,9:10,20,57,9,12,42.9,leipsbr01,19-20
Josh Leivo,26,VAN,LW,36,7,12,19,0,4,1.7,7,0,0,0,7,5,0,69,10.1,540,15:01,8,17,10,7,58.8,leivojo01,19-20
Brendan Lemieux,23,NYR,LW,59,6,12,18,-14,111,0.4,3,2,1,0,8,3,1,86,7.0,759,12:52,52,164,18,31,36.7,lemiebr01,19-20
Otto Leskinen,22,MTL,D,5,0,0,0,0,0,0.0,0,0,0,0,0,0,0,2,0.0,51,10:18,1,13,0,0,,leskiot01,19-20
Kris Letang,32,PIT,D,61,15,29,44,0,38,7.4,9,6,0,2,20,9,0,177,8.5,1569,25:44,91,101,0,0,,letankr01,19-20
Mark Letestu,34,WPG,C,7,0,0,0,0,0,-0.1,0,0,0,0,0,0,0,5,0.0,74,10:36,5,3,25,21,54.3,letesma01,19-20
Maxim Letunov,23,SJS,C,3,1,0,1,0,0,0.2,1,0,0,0,0,0,0,3,33.3,27,9:05,1,0,3,3,50.0,letunma01,19-20
Tyler Lewington,25,WSH,D,6,0,0,0,-2,17,-0.1,0,0,0,0,0,0,0,2,0.0,61,10:10,7,13,0,0,,lewinty01,19-20
Trevor Lewis,33,LAK,C,56,6,6,12,-7,16,0.6,6,0,0,1,6,0,0,92,6.5,666,11:54,22,68,45,71,38.8,lewistr01,19-20
Jakob Lilja,26,CBJ,F,37,2,3,5,5,2,0.4,2,0,0,0,3,0,0,23,8.7,366,9:54,25,18,2,2,50.0,liljaja01,19-20
Timothy Liljegren,20,TOR,D,11,0,1,1,-5,2,-0.2,0,0,0,0,1,0,0,2,0.0,113,10:18,10,8,0,0,,liljeti01,19-20
Oskar Lindblom,23,PHI,LW,30,11,7,18,4,4,2.2,8,3,0,0,6,1,0,72,15.3,528,17:37,16,31,13,19,40.6,lindbos01,19-20
Esa Lindell,25,DAL,D,69,3,20,23,5,12,5.4,2,1,0,2,11,6,3,98,3.1,1615,23:25,127,89,0,0,,lindees01,19-20
Ryan Lindgren,21,NYR,D,60,1,13,14,16,47,3.2,1,0,0,0,13,0,0,47,2.1,994,16:34,70,94,0,0,,lindgry01,19-20
Anton Lindholm,25,COL,D,4,0,1,1,1,0,0.2,0,0,0,0,1,0,0,1,0.0,47,11:47,5,5,0,0,,lindhan01,19-20
Elias Lindholm,25,CGY,C,70,29,25,54,-8,22,6.1,21,8,0,7,14,11,0,169,17.2,1381,19:43,41,93,395,406,49.3,lindhel01,19-20
Hampus Lindholm,26,ANA,D,56,2,21,22,-10,34,3.0,1,1,0,1,11,7,2,109,1.8,1269,22:39,71,34,0,0,,lindhha01,19-20
Pär Lindholm,28,BOS,C,40,3,3,6,6,4,0.4,3,0,0,1,3,0,0,35,8.6,450,11:15,26,23,132,156,45.8,lindhpa01,19-20
Gustav Lindström,21,DET,D,16,0,1,1,-6,14,0.1,0,0,0,0,0,1,0,9,0.0,265,16:32,15,19,0,0,,lindsgu01,19-20
Bryan Little,32,WPG,RW,7,2,3,5,4,2,0.7,2,0,0,1,3,0,0,13,15.4,113,16:09,3,3,48,58,45.3,littlbr01,19-20
Blake Lizotte,22,LAK,C,65,6,17,23,-4,20,1.5,2,2,2,0,15,1,1,87,6.9,907,13:58,22,42,312,310,50.2,lizotbl01,19-20
Adam Lowry,26,WPG,LW,49,4,6,10,-4,23,0.0,3,0,1,1,5,0,1,68,5.9,733,14:58,22,137,349,300,53.8,lowryad01,19-20
Milan Lucic,31,CGY,LW,68,8,12,20,-6,54,1.2,3,5,0,1,9,3,0,83,9.6,907,13:20,20,198,20,26,43.5,lucicmi01,19-20
Matt Luff,22,LAK,RW,18,1,4,5,-5,2,0.1,1,0,0,0,4,0,0,25,4.0,187,10:22,5,16,0,3,0.0,luffma01,19-20
Isac Lundeström,20,ANA,C,15,0,4,4,-2,0,0.0,0,0,0,0,3,1,0,10,0.0,209,13:55,8,5,65,74,46.8,lundeis01,19-20
Eetu Luostarinen,21,CAR,C,8,0,1,1,-2,0,-0.1,0,0,0,0,1,0,0,9,0.0,80,9:59,2,9,33,30,52.4,luostee01,19-20
Joona Luoto,22,WPG,F,16,0,0,0,-3,2,-0.3,0,0,0,0,0,0,0,9,0.0,105,6:35,8,10,0,0,,luotojo01,19-20
Ilya Lyubushkin,25,ARI,D,51,0,4,4,4,18,1.6,0,0,0,0,4,0,0,41,0.0,724,14:11,53,151,0,0,,lyubuil01,19-20
Olli Määttä,25,CHI,D,65,4,13,17,0,20,3.0,4,0,0,0,11,0,2,80,5.0,1197,18:25,110,119,0,0,,maattol01,19-20
Kurtis MacDermid,25,LAK,D,45,3,5,8,-9,47,1.3,3,0,0,0,4,0,1,51,5.9,617,13:43,43,95,0,0,,macdeku01,19-20
Mackenzie MacEachern,25,STL,LW,51,7,3,10,2,33,1.1,7,0,0,2,3,0,0,63,11.1,457,8:57,13,82,1,3,25.0,maceama01,19-20
Zack MacEwen,23,VAN,C,17,5,1,6,6,20,1.0,5,0,0,0,1,0,0,17,29.4,163,9:37,5,41,1,1,50.0,macewza01,19-20
Ryan MacInnis,23,CBJ,C,10,0,1,1,1,0,0.0,0,0,0,0,1,0,0,13,0.0,94,9:21,3,8,10,17,37.0,macinry01,19-20
Nathan MacKinnon,24,COL,C,69,35,58,93,13,12,10.8,23,12,0,4,39,19,0,318,11.0,1464,21:13,31,51,363,478,43.2,mackina01,19-20
Josh Mahura,21,ANA,D,11,1,3,4,-3,2,0.5,1,0,0,0,3,0,0,11,9.1,179,16:14,11,2,0,0,,mahurjo01,19-20
Cale Makar,21,COL,D,57,12,38,50,12,12,7.7,8,4,0,4,23,15,0,121,9.9,1198,21:01,47,45,0,0,,makarca01,19-20
Beck Malenstyn,21,WSH,LW,3,0,0,0,-1,0,-0.1,0,0,0,0,0,0,0,4,0.0,28,9:16,1,5,0,0,,malenbe01,19-20
Denis Malgin,23,TOT,C,44,4,8,12,-9,14,0.3,3,1,0,0,7,0,1,50,8.0,528,11:59,16,35,65,98,39.9,malgide01,19-20
Evgeni Malkin,33,PIT,C,55,25,49,74,7,58,8.5,18,7,0,5,32,17,0,171,14.6,1074,19:31,22,38,441,435,50.3,malkiev01,19-20
Andrew Mangiapane,23,CGY,LW,68,17,15,32,4,18,3.8,17,0,0,2,14,1,0,109,15.6,932,13:42,25,73,12,31,27.9,mangian01,19-20
Brandon Manning,29,EDM,D,9,1,0,1,-1,17,0.2,1,0,0,0,0,0,0,8,12.5,99,11:03,6,10,0,0,,mannibr01,19-20
Josh Manson,28,ANA,D,50,1,8,9,-10,37,1.3,1,0,0,0,7,0,1,64,1.6,1032,20:38,65,113,0,0,,mansojo01,19-20
Anthony Mantha,25,DET,RW,43,16,22,38,-7,34,4.1,10,6,0,3,19,3,0,137,11.7,812,18:54,25,49,16,22,42.1,manthan01,19-20
Brad Marchand,31,BOS,LW,70,28,59,87,25,82,10.4,22,5,1,5,34,23,2,185,15.1,1362,19:27,19,55,22,29,43.1,marchbr03,19-20
Jonathan Marchessault,29,VEG,C,66,22,25,47,6,28,5.4,16,6,0,3,19,6,0,235,9.4,1141,17:17,12,99,58,78,42.6,audymjo01,19-20
Mason Marchment,24,TOR,F,4,0,1,1,0,0,0.0,0,0,0,0,1,0,0,3,0.0,32,8:05,0,3,1,0,100.0,marchma01,19-20
Martin Marinčin,27,TOR,D,26,1,3,4,-1,14,0.6,1,0,0,1,3,0,0,28,3.6,395,15:12,43,22,0,0,,marinma01,19-20
John Marino,22,PIT,D,56,6,20,26,17,20,5.6,5,1,0,0,17,3,0,61,9.8,1134,20:15,77,72,0,0,,marinjo01,19-20
Patrick Marleau,40,TOT,C,66,11,11,22,-5,14,1.7,10,1,0,3,11,0,0,117,9.4,1028,15:35,24,57,36,40,47.4,marlepa01,19-20
Mitch Marner,22,TOR,RW,59,16,51,67,6,16,6.2,10,6,0,2,32,18,1,154,10.4,1272,21:33,37,24,7,19,26.9,marnemi01,19-20
Pat Maroon,31,TBL,LW,64,9,14,23,4,71,1.9,8,1,0,1,12,2,0,80,11.3,794,12:25,13,104,6,3,66.7,maroopa01,19-20
Matt Martin,30,NYI,LW,55,5,3,8,-1,40,0.4,5,0,0,2,3,0,0,49,10.2,573,10:25,24,242,3,4,42.9,martima02,19-20
Alec Martinez,32,TOT,D,51,3,13,16,-4,23,3.0,3,0,0,0,9,4,0,75,4.0,1097,21:30,117,43,0,0,,martial01,19-20
Jordan Martinook,27,CAR,LW,45,2,11,13,-2,22,0.6,2,0,0,1,9,0,2,44,4.5,507,11:16,23,72,66,62,51.6,martijo01,19-20
Mike Matheson,25,FLA,D,59,8,12,20,-1,14,3.2,7,1,0,1,11,1,0,104,7.7,1064,18:02,53,44,0,0,,mathemi01,19-20
Stefan Matteau,25,CBJ,LW,9,2,1,3,0,5,0.4,2,0,0,0,1,0,0,18,11.1,111,12:22,10,27,0,0,,mattest02,19-20
Auston Matthews,22,TOR,C,70,47,33,80,19,8,10.8,35,12,0,5,20,13,0,290,16.2,1468,20:58,60,40,506,415,54.9,matthau01,19-20
Scott Mayfield,27,NYI,D,67,5,8,13,8,53,3.9,5,0,0,1,6,0,2,98,5.1,1336,19:57,117,93,0,0,,mayfisc01,19-20
Gerald Mayhew,27,MIN,F,13,2,0,2,4,2,0.3,2,0,0,0,0,0,0,16,12.5,150,11:33,6,11,3,3,50.0,mayhege01,19-20
Charlie McAvoy,22,BOS,D,67,5,27,32,24,41,6.9,4,1,0,1,25,1,1,101,5.0,1552,23:10,131,131,0,0,,mcavoch01,19-20
Jake McCabe,26,BUF,D,66,3,10,13,-11,41,2.0,2,0,1,1,10,0,0,75,4.0,1223,18:32,90,91,0,0,,mccabja01,19-20
Jared McCann,23,PIT,C,66,14,21,35,6,17,3.5,12,2,0,4,17,4,0,150,9.3,1006,15:15,27,89,265,306,46.4,mccanja01,19-20
Connor McDavid,23,EDM,C,64,34,63,97,-6,28,10.9,23,11,0,6,31,32,0,212,16.0,1399,21:52,18,37,320,350,47.8,mcdavco01,19-20
Ryan McDonagh,30,TBL,D,50,1,11,12,7,19,2.4,1,0,0,0,10,0,1,50,2.0,1035,20:42,101,36,0,0,,mcdonry01,19-20
Brock McGinn,25,CAR,LW,68,7,10,17,-4,17,0.8,5,0,2,1,10,0,0,93,7.5,898,13:12,28,80,15,24,38.5,mcginbr01,19-20
Dylan McIlrath,27,DET,D,16,0,0,0,-4,23,0.1,0,0,0,0,0,0,0,14,0.0,237,14:49,12,48,0,0,,mcilrdy01,19-20
Greg McKegg,27,NYR,C,53,5,4,9,-2,17,0.4,4,0,1,0,3,0,1,40,12.5,507,9:34,24,69,104,107,49.3,mckeggr01,19-20
Michael McLeod,21,NJD,C,12,0,2,2,4,4,0.2,0,0,0,0,2,0,0,11,0.0,123,10:14,6,19,40,40,50.0,mcleomi01,19-20
Brayden McNabb,29,VEG,D,71,2,7,9,1,40,2.2,1,0,1,0,7,0,0,73,2.7,1421,20:01,133,201,0,0,,mcnabbr01,19-20
Jayson Megna,29,COL,C,8,0,0,0,-1,2,-0.1,0,0,0,0,0,0,0,4,0.0,54,6:43,5,10,0,1,0.0,megnaja01,19-20
Timo Meier,23,SJS,RW,70,22,27,49,-22,42,4.6,20,2,0,2,20,7,0,199,11.1,1210,17:17,38,155,12,25,32.4,meierti01,19-20
Brennan Menell,22,MIN,D,5,0,0,0,1,2,0.1,0,0,0,0,0,0,0,4,0.0,70,13:59,4,2,0,0,,menelbr01,19-20
Nicholas Merkley,22,NJD,RW,4,1,1,2,0,2,0.2,1,0,0,0,1,0,0,8,12.5,45,11:22,2,9,0,0,,merklni01,19-20
Dakota Mermis,26,NJD,D,10,1,3,4,7,4,1.3,1,0,0,0,3,0,0,17,5.9,192,19:13,21,20,0,0,,mermida01,19-20
Jonathon Merrill,27,VEG,D,49,2,5,7,9,32,2.2,2,0,0,0,4,0,1,37,5.4,890,18:09,71,51,0,0,,merrijo01,19-20
Victor Mete,21,MTL,D,51,4,7,11,5,20,2.6,4,0,0,1,6,1,0,57,7.0,816,16:00,60,20,0,0,,metevi01,19-20
Jacob Middleton,24,SJS,D,10,0,2,2,-2,9,0.2,0,0,0,0,2,0,0,9,0.0,108,10:46,5,18,0,0,,middlja01,19-20
Ilya Mikheyev,25,TOR,F,39,8,15,23,7,4,2.3,7,0,1,1,15,0,0,98,8.2,607,15:35,13,26,3,1,75.0,mikheil01,19-20
Niko Mikkola,23,STL,D,5,0,1,1,3,0,0.4,0,0,0,0,1,0,0,10,0.0,72,14:22,3,5,0,0,,mikkoni01,19-20
Sonny Milano,23,TOT,LW,55,7,16,23,-7,26,1.8,6,1,0,2,14,2,0,75,9.3,720,13:06,13,26,0,0,,milanso01,19-20
Colin Miller,27,BUF,D,51,1,10,11,-9,22,1.4,1,0,0,1,7,3,0,79,1.3,874,17:08,40,87,0,0,,milleco02,19-20
J.T. Miller,26,VAN,C,69,27,45,72,11,47,7.9,18,9,0,3,27,16,2,165,16.4,1387,20:06,38,123,425,293,59.2,millejt01,19-20
Casey Mittelstadt,21,BUF,C,31,4,5,9,-5,2,0.5,3,1,0,1,4,1,0,34,11.8,396,12:46,8,11,86,99,46.5,mitteca01,19-20
Sean Monahan,25,CGY,C,70,22,26,48,-16,25,4.6,14,8,0,5,18,8,0,166,13.3,1267,18:06,22,65,549,495,52.6,monahse01,19-20
Brandon Montour,25,BUF,D,54,5,13,18,13,28,4.4,5,0,0,0,11,2,0,86,5.8,1053,19:30,53,60,0,0,,montobr01,19-20
John Moore,29,BOS,D,24,2,1,3,-2,11,0.7,2,0,0,0,1,0,0,33,6.1,397,16:33,27,36,0,0,,moorejo01,19-20
Trevor Moore,24,TOT,LW,42,6,4,10,-4,6,0.5,6,0,0,0,3,0,1,60,10.0,542,12:54,17,60,4,10,28.6,mooretr01,19-20
Samuel Morin,24,PHI,D,1,0,0,0,-1,0,-0.1,0,0,0,0,0,0,0,0,,13,12:32,0,2,0,0,,morinsa01,19-20
Josh Morrissey,24,WPG,D,65,5,26,31,1,24,4.9,4,1,0,0,15,11,0,120,4.2,1480,22:46,59,34,0,0,,morrijo04,19-20
Tyler Motte,24,VAN,C,34,4,4,8,-10,10,0.0,4,0,0,0,4,0,0,38,10.5,446,13:07,37,118,8,11,42.1,mottety01,19-20
Mirco Müller,24,NJD,D,50,2,5,7,-13,23,1.0,2,0,0,0,4,1,0,29,6.9,882,17:39,91,63,0,0,,muellmi01,19-20
Connor Murphy,26,CHI,D,58,5,14,19,2,27,3.5,5,0,0,0,13,0,1,117,4.3,1233,21:15,138,128,0,0,,murphco02,19-20
Ryan Murray,26,CBJ,D,27,2,7,9,-9,4,1.2,2,0,0,0,5,2,0,32,6.3,539,19:57,50,12,0,0,,murrary01,19-20
Jake Muzzin,30,TOR,D,53,6,17,23,12,40,4.3,6,0,0,1,16,0,1,99,6.1,1145,21:36,110,109,0,0,,muzzija01,19-20
Philippe Myers,23,PHI,D,50,4,12,16,17,30,4.0,4,0,0,0,12,0,0,78,5.1,855,17:06,44,80,0,0,,myersph01,19-20
Tyler Myers,29,VAN,D,68,6,15,21,-7,49,3.3,4,1,1,1,9,6,0,134,4.5,1463,21:30,108,99,0,0,,myersty01,19-20
Vladislav Namestnikov,27,TOT,C,65,17,14,31,-5,45,3.0,11,2,4,2,10,2,2,98,17.3,979,15:03,47,108,22,25,46.8,namesvl01,19-20
Riley Nash,30,CBJ,C,64,5,9,14,6,10,1.1,4,0,1,1,9,0,0,64,7.8,758,11:51,36,68,245,267,47.9,nashri02,19-20
James Neal,32,EDM,LW,55,19,12,31,-20,12,3.0,7,12,0,2,7,5,0,112,17.0,897,16:18,17,88,11,20,35.5,nealja01,19-20
Martin Nečas,21,CAR,C,64,16,20,36,-6,20,3.5,11,5,0,3,16,4,0,88,18.2,907,14:10,19,65,13,35,27.1,necasma01,19-20
Brock Nelson,28,NYI,C,68,26,28,54,6,32,6.3,22,4,0,5,25,3,0,175,14.9,1282,18:52,44,49,615,573,51.8,nelsobr01,19-20
Patrik Nemeth,27,DET,D,64,1,8,9,-10,28,2.5,1,0,0,1,7,0,1,89,1.1,1410,22:02,92,80,0,0,,nemetpa01,19-20
Aaron Ness,29,ARI,D,24,0,1,1,1,0,0.6,0,0,0,0,1,0,0,11,0.0,301,12:32,20,17,0,0,,nessaa01,19-20
Valeri Nichushkin,24,COL,RW,65,13,14,27,26,14,3.4,11,1,1,3,14,0,0,113,11.5,915,14:04,22,84,2,3,40.0,nichuva01,19-20
Nino Niederreiter,27,CAR,RW,67,11,18,29,-3,42,2.2,7,4,0,2,11,7,0,115,9.6,993,14:49,19,52,1,3,25.0,niedeni01,19-20
Frans Nielsen,35,DET,C,60,4,5,9,-13,8,-0.2,3,0,1,0,2,2,1,86,4.7,821,13:41,35,44,210,246,46.1,nielsfr01,19-20
Matthew Nieto,27,COL,LW,70,8,13,21,7,6,1.5,6,0,2,3,13,0,0,85,9.4,945,13:30,23,37,2,3,40.0,nietoma01,19-20
Boo Nieves,26,NYR,C,4,0,0,0,2,4,0.0,0,0,0,0,0,0,0,2,0.0,30,7:32,2,3,14,5,73.7,nievecr01,19-20
Sami Niku,23,WPG,D,17,0,5,5,-2,12,0.6,0,0,0,0,5,0,0,27,0.0,275,16:10,19,16,0,0,,nikusa01,19-20
Matt Niskanen,33,PHI,D,68,8,25,33,15,29,6.4,3,4,1,0,16,9,0,126,6.3,1490,21:54,84,124,0,0,,niskama01,19-20
Stefan Noesen,26,TOT,RW,40,7,2,9,-1,32,0.9,6,1,0,2,2,0,0,67,10.4,461,11:32,17,74,7,11,38.9,noesest01,19-20
Joakim Nordström,27,BOS,C,48,4,3,7,-6,17,0.0,4,0,0,0,3,0,0,49,8.2,581,12:06,31,91,1,6,14.3,nordsjo02,19-20
Joshua Norris,20,OTT,C,3,0,0,0,2,0,0.0,0,0,0,0,0,0,0,9,0.0,54,17:55,2,3,30,19,61.2,norrijo01,19-20
Tomáš Nosek,27,VEG,C,67,8,7,15,-2,20,0.9,7,0,1,1,7,0,0,93,8.6,778,11:36,38,91,217,216,50.1,nosekto01,19-20
Ryan Nugent-Hopkins,26,EDM,C,65,22,39,61,1,33,6.4,15,7,0,4,22,17,0,172,12.8,1330,20:28,44,33,205,199,50.7,nugenry01,19-20
Darnell Nurse,24,EDM,D,71,5,28,33,-2,48,5.5,5,0,0,1,23,5,0,170,2.9,1665,23:27,141,172,0,0,,nurseda01,19-20
Markus Nutivaara,25,CBJ,D,37,3,6,9,2,4,2.2,3,0,0,0,5,1,0,47,6.4,589,15:55,33,35,0,0,,nutivma01,19-20
Joakim Nygård,27,EDM,F,33,3,6,9,0,8,0.7,2,1,0,0,6,0,0,39,7.7,353,10:41,8,18,3,3,50.0,nygarjo01,19-20
Alexander Nylander,21,CHI,LW,65,10,16,26,-2,10,2.2,10,0,0,1,14,2,0,94,10.6,789,12:08,14,29,5,14,26.3,nylanal01,19-20
William Nylander,23,TOR,C,68,31,28,59,-2,12,6.7,22,9,0,7,20,8,0,197,15.7,1238,18:13,14,9,106,106,50.0,nylanwi01,19-20
Gustav Nyquist,30,CBJ,RW,70,15,27,42,4,16,4.2,11,3,1,3,21,6,0,151,9.9,1262,18:02,26,37,17,16,51.5,nyquigu01,19-20
Logan O'Connor,23,COL,RW,16,2,0,2,0,2,0.2,2,0,0,1,0,0,0,15,13.3,135,8:26,8,20,0,1,0.0,oconnlo01,19-20
Ryan O'Reilly,28,STL,C,71,12,49,61,11,10,5.4,9,2,1,3,33,16,0,118,10.2,1461,20:34,42,16,880,676,56.6,oreilry01,19-20
Jordan Oesterle,27,ARI,D,58,3,10,13,-9,14,2.2,3,0,0,0,8,2,0,69,4.3,987,17:01,88,48,0,0,,oestejo01,19-20
Kyle Okposo,31,BUF,RW,52,9,10,19,-3,28,1.7,8,1,0,2,10,0,0,82,11.0,668,12:51,15,55,38,33,53.5,okposky01,19-20
Jamie Oleksiak,27,DAL,D,69,3,7,10,-6,41,2.4,3,0,0,1,7,0,0,76,3.9,1091,15:49,59,153,0,0,,oleksja01,19-20
Mathieu Olivier,22,NSH,F,8,0,1,1,1,4,0.0,0,0,0,0,1,0,0,6,0.0,60,7:33,1,17,0,0,,olivima01,19-20
Gustav Olofsson,25,MTL,D,3,0,0,0,-4,2,-0.3,0,0,0,0,0,0,0,2,0.0,24,8:06,6,1,0,0,,olofsgu01,19-20
Victor Olofsson,24,BUF,RW,54,20,22,42,-1,6,4.7,9,11,0,4,16,6,0,127,15.7,993,18:23,16,10,1,1,50.0,olofsvi01,19-20
Dmitry Orlov,28,WSH,D,69,4,23,27,5,36,4.0,3,1,0,2,18,4,1,105,3.8,1530,22:10,82,106,0,0,,orlovdm01,19-20
T.J. Oshie,33,WSH,C,69,26,23,49,4,26,5.5,16,10,0,4,21,2,0,133,19.5,1262,18:18,58,90,119,119,50.0,oshietj01,19-20
Xavier Ouellet,26,MTL,D,12,0,2,2,0,4,0.3,0,0,0,0,2,0,0,8,0.0,167,13:54,15,24,0,0,,ouellxa01,19-20
Alex Ovechkin,34,WSH,LW,68,48,19,67,-12,30,8.7,35,13,0,3,14,5,0,311,15.4,1405,20:40,30,184,1,0,100.0,ovechal01,19-20
Max Pacioretty,31,VEG,LW,71,32,34,66,18,44,8.6,24,8,0,5,23,11,0,307,10.4,1272,17:55,35,90,51,45,53.1,pacioma01,19-20
Jean-Gabriel Pageau,27,TOT,C,67,26,16,42,4,49,5.0,18,5,3,5,8,5,3,151,17.2,1284,19:09,53,128,615,534,53.5,pageaje01,19-20
Ondřej Palát,28,TBL,LW,69,17,24,41,25,22,4.7,12,4,1,2,20,4,0,128,13.3,1117,16:11,61,145,7,14,33.3,palaton01,19-20
Kyle Palmieri,28,NJD,RW,65,25,20,45,-4,41,5.3,14,11,0,3,13,7,0,155,16.1,1112,17:07,36,74,12,25,32.4,palmiky01,19-20
Artemi Panarin,28,NYR,LW,69,32,63,95,36,20,11.4,25,7,0,4,46,17,0,209,15.3,1422,20:36,18,25,1,1,50.0,panarar01,19-20
Richard Pánik,28,WSH,RW,59,9,13,22,16,36,2.5,9,0,0,1,13,0,0,67,13.4,669,11:20,19,75,11,8,57.9,panikri01,19-20
Cédric Paquette,26,TBL,C,61,7,11,18,-1,42,1.0,6,0,1,0,10,0,1,78,9.0,796,13:03,49,175,316,305,50.9,paquece01,19-20
Colton Parayko,26,STL,D,64,10,18,28,8,16,5.7,7,3,0,1,15,2,1,162,6.2,1472,23:00,106,87,0,0,,parayco01,19-20
Zach Parise,35,MIN,LW,69,25,21,46,-11,8,4.7,12,12,1,4,15,6,0,155,16.1,1187,17:12,38,27,41,36,53.2,parisza01,19-20
David Pastrňák,23,BOS,RW,70,48,47,95,21,40,13.2,28,20,0,10,29,18,0,279,17.2,1327,18:58,22,47,7,11,38.9,pastrda01,19-20
Greg Pateryn,29,MIN,D,20,0,3,3,1,6,0.6,0,0,0,0,3,0,0,22,0.0,309,15:28,30,25,0,0,,patergr01,19-20
Nick Paul,24,OTT,LW,56,9,11,20,0,24,1.6,9,0,0,2,10,1,0,103,8.7,809,14:27,39,122,191,182,51.2,paulni01,19-20
Joe Pavelski,35,DAL,C,67,14,17,31,6,29,3.2,8,6,0,3,11,5,1,125,11.2,1134,16:56,52,62,351,301,53.8,paveljo01,19-20
Tanner Pearson,27,VAN,LW,69,21,24,45,-4,27,4.5,16,3,2,3,16,7,1,164,12.8,1139,16:31,40,96,3,14,17.6,pearsta01,19-20
Matthew Peca,26,TOT,C,14,0,2,2,-4,0,-0.2,0,0,0,0,2,0,0,7,0.0,146,10:27,4,15,43,36,54.4,pecama01,19-20
Andrew Peeke,21,CBJ,D,22,1,2,3,1,4,0.9,1,0,0,0,2,0,0,23,4.3,305,13:51,21,25,0,0,,peekean01,19-20
Adam Pelech,25,NYI,D,38,1,8,9,4,20,2.2,1,0,0,0,6,0,2,49,2.0,803,21:08,83,81,0,0,,pelecad01,19-20
Brendan Perlini,23,TOT,LW,40,1,3,4,-18,10,-0.7,1,0,0,0,3,0,0,48,2.1,428,10:42,10,22,0,0,,perlibr01,19-20
Mathieu Perreault,32,WPG,C,49,7,8,15,-9,10,0.8,5,2,0,0,8,0,0,71,9.9,642,13:06,19,69,13,6,68.4,perrema01,19-20
David Perron,31,STL,LW,71,25,35,60,2,52,6.6,16,9,0,9,17,18,0,166,15.1,1300,18:19,19,67,3,5,37.5,perroda01,19-20
Corey Perry,34,DAL,RW,57,5,16,21,-2,70,1.5,4,1,0,0,10,6,0,77,6.5,782,13:43,33,60,4,6,40.0,perryco01,19-20
Joel Persson,25,EDM,D,13,0,2,2,-1,2,0.3,0,0,0,0,2,0,0,17,0.0,199,15:19,10,6,0,0,,perssjo02,19-20
Brett Pesce,25,CAR,D,61,4,14,18,7,27,3.9,4,0,0,0,12,0,2,104,3.8,1335,21:53,91,22,0,0,,pescebr01,19-20
Nic Petan,24,TOR,C,16,0,3,3,-4,4,-0.2,0,0,0,0,3,0,0,19,0.0,178,11:07,4,7,1,3,25.0,petanni01,19-20
Jeff Petry,32,MTL,D,71,11,29,40,-10,26,6.0,7,3,1,3,20,9,0,158,7.0,1679,23:39,79,177,0,0,,petryje01,19-20
Elias Pettersson,21,VAN,C,68,27,39,66,16,18,7.7,19,8,0,5,23,16,0,162,16.7,1260,18:32,42,63,59,82,41.8,petteel01,19-20
Marcus Pettersson,23,PIT,D,69,2,20,22,9,35,4.3,2,0,0,0,18,2,0,79,2.5,1339,19:24,84,106,0,0,,pettema01,19-20
Alex Pietrangelo,30,STL,D,70,16,36,52,11,20,9.1,10,6,0,3,19,16,1,225,7.1,1693,24:11,89,47,0,0,,pietral01,19-20
Lawrence Pilut,24,BUF,D,13,0,0,0,-4,4,-0.1,0,0,0,0,0,0,0,6,0.0,211,16:14,19,10,0,0,,pilutla01,19-20
Neal Pionk,24,WPG,D,71,6,39,45,10,32,7.3,3,3,0,1,17,22,0,177,3.4,1660,23:23,78,165,0,0,,pionkne01,19-20
Brandon Pirri,28,VEG,C,16,0,2,2,-4,8,-0.3,0,0,0,0,2,0,0,24,0.0,201,12:34,5,16,6,3,66.7,pirribr01,19-20
Tyler Pitlick,28,PHI,C,63,8,12,20,11,12,1.9,8,0,0,1,12,0,0,76,10.5,759,12:03,42,132,5,13,27.8,pitlity01,19-20
Ryan Poehling,21,MTL,C,27,1,1,2,-4,4,-0.3,1,0,0,0,1,0,0,26,3.8,279,10:20,10,38,3,12,20.0,poehlry01,19-20
Austin Poganski,23,STL,RW,1,0,0,0,0,0,0.0,0,0,0,0,0,0,0,0,,6,5:54,0,0,0,0,,poganau01,19-20
Brayden Point,23,TBL,C,66,25,39,64,28,11,7.7,17,8,0,4,34,5,0,141,17.7,1248,18:54,30,24,397,380,51.1,pointbr01,19-20
Roman Polák,33,DAL,D,41,0,4,4,-6,24,0.9,0,0,0,0,4,0,0,34,0.0,683,16:40,94,104,0,0,,polakro01,19-20
Tucker Poolman,26,WPG,D,57,4,12,16,-1,24,2.8,3,0,1,1,12,0,0,64,6.3,995,17:27,59,58,0,0,,poolmtu01,19-20
Derrick Pouliot,26,STL,D,2,0,0,0,-1,2,-0.1,0,0,0,0,0,0,0,1,0.0,17,8:20,1,2,0,0,,poulide01,19-20
Nikolai Prokhorkin,26,LAK,LW,43,4,10,14,-6,6,0.8,4,0,0,1,7,3,0,63,6.3,520,12:06,7,38,101,111,47.6,prokhni01,19-20
Dalton Prout,29,SJS,D,2,0,0,0,0,7,0.0,0,0,0,0,0,0,0,2,0.0,26,12:49,3,3,0,0,,proutda01,19-20
Ivan Provorov,23,PHI,D,69,13,23,36,11,24,7.1,6,7,0,3,13,9,1,150,8.7,1714,24:51,111,84,0,0,,provoiv01,19-20
Ryan Pulock,25,NYI,D,68,10,25,35,8,14,6.8,7,3,0,3,20,5,0,163,6.1,1524,22:24,139,110,0,0,,pulocry01,19-20
Mark Pysyk,28,FLA,D,58,9,9,18,4,20,3.3,9,0,0,1,9,0,0,64,14.1,740,12:45,38,47,3,3,50.0,pysykma01,19-20
John Quenneville,23,CHI,C,9,0,0,0,-1,0,-0.2,0,0,0,0,0,0,0,14,0.0,99,11:03,3,21,3,1,75.0,quennjo02,19-20
Alan Quine,26,CGY,C,9,1,0,1,-1,4,0.0,1,0,0,0,0,0,0,12,8.3,88,9:48,2,6,1,0,100.0,quineal01,19-20
Gage Quinney,24,VEG,F,3,0,1,1,-1,0,0.0,0,0,0,0,1,0,0,2,0.0,29,9:43,0,2,8,9,47.1,quinnga01,19-20
Lukáš Radil,29,SJS,C,14,0,0,0,-3,8,-0.3,0,0,0,0,0,0,0,12,0.0,132,9:24,2,16,1,3,25.0,radillu01,19-20
Alexander Radulov,33,DAL,RW,60,15,19,34,8,46,3.9,8,7,0,3,16,3,0,132,11.4,1005,16:45,42,48,4,10,28.6,radulal01,19-20
Michael Raffl,31,PHI,LW,58,8,12,20,-2,14,1.5,7,0,1,2,11,1,0,66,12.1,717,12:22,25,73,99,98,50.3,rafflmi01,19-20
Rickard Rakell,26,ANA,RW,65,15,27,42,-5,12,3.9,12,3,0,2,18,6,3,186,8.1,1180,18:10,29,81,10,3,76.9,rakelri01,19-20
Mikko Rantanen,23,COL,RW,42,19,22,41,-2,14,4.6,11,8,0,5,16,6,0,107,17.8,796,18:57,23,28,44,31,58.7,rantami01,19-20
Victor Rask,26,MIN,C,43,5,8,13,7,6,1.3,5,0,0,2,8,0,0,38,13.2,451,10:29,8,26,120,152,44.1,raskvi01,19-20
Ryan Reaves,33,VEG,RW,71,8,7,15,-5,47,0.9,8,0,0,1,7,0,0,61,13.1,720,10:09,24,316,24,28,46.2,reavery01,19-20
Mike Reilly,26,TOT,D,44,1,15,16,-6,24,1.9,0,1,0,1,6,8,1,85,1.2,793,18:01,46,39,0,0,,reillmi01,19-20
Sam Reinhart,24,BUF,C,69,22,28,50,-15,20,4.5,17,5,0,2,21,7,0,144,15.3,1423,20:38,27,36,40,72,35.7,reinhsa01,19-20
Anthony Richard,23,NSH,C,1,0,0,0,-1,0,0.0,0,0,0,0,0,0,0,2,0.0,4,4:10,0,0,0,0,,richaan01,19-20
Brad Richardson,34,ARI,C,59,6,5,11,1,20,0.6,5,0,1,3,4,0,1,76,7.9,805,13:39,44,77,355,303,54.0,richabr02,19-20
Tobias Rieder,27,CGY,C,55,4,6,10,-12,6,0.0,3,0,1,0,5,0,1,77,5.2,610,11:05,26,30,11,42,20.8,riedeto01,19-20
Morgan Rielly,25,TOR,D,47,3,24,27,6,24,3.9,3,0,0,2,17,7,0,123,2.4,1137,24:12,67,38,0,1,0.0,riellmo01,19-20
Juuso Riikola,26,PIT,D,36,1,6,7,3,6,1.5,1,0,0,0,4,2,0,38,2.6,500,13:53,24,74,0,0,,riikoju01,19-20
Zac Rinaldo,29,CGY,C,19,3,2,5,-1,34,0.5,3,0,0,2,2,0,0,19,15.8,157,8:16,8,69,0,0,,rinalza01,19-20
Rasmus Ristolainen,25,BUF,D,69,6,27,33,-2,46,5.4,4,2,0,0,19,7,1,128,4.7,1573,22:48,82,203,0,0,,ristora01,19-20
Brett Ritchie,26,BOS,RW,27,2,4,6,-3,21,0.3,2,0,0,1,3,1,0,34,5.9,281,10:24,3,89,2,3,40.0,ritchbr01,19-20
Nick Ritchie,24,TOT,LW,48,9,12,21,1,97,2.1,7,2,0,2,11,1,0,78,11.5,680,14:10,17,102,1,7,12.5,ritchni01,19-20
Jason Robertson,20,DAL,LW,3,0,1,1,0,0,0.0,0,0,0,0,0,1,0,4,0.0,37,12:19,0,1,0,0,,roberja01,19-20
Buddy Robinson,28,CGY,RW,5,1,0,1,0,7,0.1,1,0,0,0,0,0,0,6,16.7,61,12:14,5,14,0,0,,robinbu01,19-20
Eric Robinson,24,CBJ,LW,50,7,5,12,10,12,1.6,7,0,0,3,5,0,0,69,10.1,548,10:57,15,79,4,7,36.4,robiner01,19-20
Evan Rodrigues,26,TOT,C,45,6,4,10,-8,14,0.5,5,1,0,1,4,0,0,75,8.0,508,11:17,15,24,121,136,47.1,rodriev01,19-20
Kevin Rooney,26,NJD,C,49,4,5,9,8,20,0.8,2,0,2,0,4,0,1,59,6.8,575,11:44,32,64,175,197,47.0,rooneke01,19-20
Calle Rosén,25,TOT,D,12,0,3,3,0,4,0.4,0,0,0,0,3,0,0,14,0.0,163,13:35,7,3,0,0,,rosenca01,19-20
Jack Roslovic,23,WPG,C,71,12,17,29,4,12,2.5,11,1,0,0,16,1,0,117,10.3,1058,14:54,21,58,70,78,47.3,rosloja01,19-20
Antoine Roussel,30,VAN,LW,41,7,6,13,0,43,1.2,6,1,0,1,5,1,0,55,12.7,485,11:50,14,44,6,6,50.0,roussan01,19-20
Carter Rowney,30,ANA,RW,71,8,11,19,5,14,1.6,6,0,2,1,9,0,2,63,12.7,910,12:49,42,189,47,56,45.6,rowneca01,19-20
Matt Roy,24,LAK,D,70,4,14,18,16,10,5.2,4,0,0,0,13,1,0,112,3.6,1268,18:07,100,132,0,0,,royma04,19-20
Nicolas Roy,22,VEG,C,28,5,5,10,3,8,1.1,4,1,0,1,5,0,0,42,11.9,320,11:26,7,39,93,100,48.2,royni01,19-20
German Rubtsov,21,PHI,C,4,0,0,0,-1,0,-0.1,0,0,0,0,0,0,0,1,0.0,27,6:48,4,4,6,8,42.9,rubtsge01,19-20
Chad Ruhwedel,29,PIT,D,41,2,4,6,4,12,1.7,2,0,0,0,4,0,0,44,4.5,606,14:46,25,74,0,0,,ruhwech01,19-20
Kris Russell,32,EDM,D,55,0,9,9,0,14,1.9,0,0,0,0,8,0,1,45,0.0,923,16:47,101,71,0,0,,russekr01,19-20
Patrick Russell,27,EDM,RW,45,0,5,5,-11,12,-0.7,0,0,0,0,5,0,0,58,0.0,511,11:22,25,64,2,2,50.0,russepa01,19-20
Bryan Rust,27,PIT,RW,55,27,29,56,14,30,7.1,18,8,1,4,19,9,1,151,17.9,1087,19:46,35,71,2,8,20.0,rustbr01,19-20
Jan Rutta,29,TBL,D,33,1,6,7,6,14,1.5,1,0,0,0,6,0,0,43,2.3,513,15:33,21,19,0,0,,ruttaja02,19-20
Bobby Ryan,32,OTT,LW,24,5,3,8,3,22,0.9,5,0,0,0,3,0,0,43,11.6,324,13:31,13,41,3,2,60.0,ryanbo01,19-20
Derek Ryan,33,CGY,C,68,10,19,29,9,10,2.8,8,1,1,0,15,3,1,102,9.8,989,14:33,34,12,383,349,52.3,ryande01,19-20
Joakim Ryan,26,LAK,D,35,1,4,5,-10,10,0.8,1,0,0,0,4,0,0,54,1.9,670,19:09,46,24,0,0,,ryanjo02,19-20
Brandon Saad,27,CHI,LW,58,21,12,33,2,16,3.9,18,1,2,5,12,0,0,140,15.0,971,16:45,19,36,23,35,39.7,saadbr01,19-20
Aleksi Saarela,23,FLA,C,9,2,2,4,2,0,0.5,2,0,0,0,1,1,0,15,13.3,110,12:15,3,1,7,11,38.9,saareal01,19-20
Scott Sabourin,27,OTT,F,35,2,4,6,-6,33,0.2,2,0,0,0,4,0,0,29,6.9,246,7:01,13,74,0,1,0.0,sabousc01,19-20
Miikka Salomäki,26,NSH,RW,5,1,0,1,2,4,0.2,1,0,0,1,0,0,0,2,50.0,61,12:09,3,9,0,0,,salommi01,19-20
Rasmus Sandin,19,TOR,D,28,1,7,8,-7,10,0.5,1,0,0,1,5,2,0,22,4.5,401,14:19,22,33,0,0,,sandira01,19-20
Zach Sanford,25,STL,LW,58,16,14,30,13,28,3.9,15,1,0,3,14,0,0,90,17.8,797,13:44,32,109,1,8,11.1,sanfoza01,19-20
Travis Sanheim,23,PHI,D,69,8,17,25,4,32,4.7,8,0,0,0,13,4,0,110,7.3,1391,20:09,79,41,0,0,,sanhetr01,19-20
Steven Santini,24,NSH,D,2,0,0,0,1,2,0.1,0,0,0,0,0,0,0,1,0.0,19,9:33,0,3,0,0,,santist01,19-20
Ashton Sautner,25,VAN,D,1,0,0,0,0,0,0.0,0,0,0,0,0,0,0,1,0.0,3,2:49,0,0,0,0,,sautnas01,19-20
David Savard,29,CBJ,D,68,0,11,11,-3,35,2.9,0,0,0,0,9,2,0,97,0.0,1407,20:41,163,129,0,0,,savarda01,19-20
Luca Sbisa,30,WPG,D,44,2,8,10,1,37,2.0,2,0,0,0,8,0,0,49,4.1,789,17:56,71,91,0,0,,sbisalu01,19-20
Marco Scandella,29,TOT,D,62,4,9,13,14,20,3.8,4,0,0,0,9,0,0,77,5.2,1090,17:35,60,78,0,0,,scandma01,19-20
Colton Sceviour,30,FLA,C,69,6,10,16,2,6,0.6,6,0,0,0,10,0,0,114,5.3,914,13:15,72,91,65,82,44.2,scevico01,19-20
Tim Schaller,29,TOT,LW,53,5,1,6,-14,14,-0.5,4,0,1,0,1,0,0,49,10.2,613,11:34,28,51,7,11,38.9,schalti01,19-20
Mark Scheifele,26,WPG,C,71,29,44,73,2,45,7.6,19,10,0,6,34,10,0,170,17.1,1548,21:48,49,34,605,685,46.9,scheima01,19-20
Brayden Schenn,28,STL,C,71,25,33,58,3,44,6.4,15,10,0,4,22,11,0,138,18.1,1311,18:28,21,119,350,364,49.0,schenbr01,19-20
Luke Schenn,30,TBL,D,25,1,2,3,-8,23,-0.1,1,0,0,0,2,0,0,31,3.2,311,12:27,21,83,0,0,,schenlu01,19-20
Nick Schmaltz,23,ARI,C,70,11,34,45,3,20,4.3,9,2,0,2,23,11,0,95,11.6,1087,15:32,35,12,160,216,42.6,schmani01,19-20
Nate Schmidt,28,VEG,D,59,7,24,31,11,12,5.6,6,1,0,0,18,6,0,112,6.3,1279,21:41,91,25,0,0,,schmina01,19-20
Justin Schultz,29,PIT,D,46,3,9,12,-13,6,1.3,3,0,0,0,3,6,0,86,3.5,914,19:53,50,36,0,0,,schulju01,19-20
Jaden Schwartz,27,STL,C,71,22,35,57,3,18,6.0,13,9,0,4,24,11,0,162,13.6,1291,18:11,28,60,9,11,45.0,schwaja01,19-20
Brent Seabrook,34,CHI,D,32,3,1,4,1,8,1.2,2,1,0,1,1,0,0,40,7.5,581,18:09,61,52,0,0,,seabrbr01,19-20
Nick Seeler,26,TOT,D,12,0,1,1,-8,15,-0.4,0,0,0,0,1,0,0,5,0.0,143,11:56,21,19,0,0,,seeleni01,19-20
Tyler Seguin,28,DAL,C,69,17,33,50,-2,22,4.9,14,3,0,6,21,12,0,245,6.9,1321,19:09,31,90,538,387,58.2,seguity01,19-20
Andrej Sekera,33,DAL,D,57,2,6,8,9,14,3.2,1,0,1,0,6,0,0,63,3.2,1026,18:00,75,34,0,0,,sekeran01,19-20
Brett Seney,23,NJD,LW,2,0,0,0,-1,0,-0.1,0,0,0,0,0,0,0,1,0.0,20,9:56,0,2,0,2,0.0,seneybr01,19-20
Zachary Senyshyn,22,BOS,RW,4,0,2,2,1,0,0.2,0,0,0,0,2,0,0,1,0.0,34,8:26,1,2,1,0,100.0,senysza01,19-20
Mikhail Sergachev,21,TBL,D,70,10,24,34,15,58,6.3,4,5,1,0,16,8,0,118,8.5,1426,20:22,99,106,0,0,,sergami01,19-20
Damon Severson,25,NJD,D,69,8,23,31,-20,52,4.4,5,3,0,2,16,7,0,114,7.0,1584,22:58,97,81,0,0,,severda01,19-20
Michael Sgarbossa,27,WSH,C,2,0,0,0,0,0,0.0,0,0,0,0,0,0,0,1,0.0,16,8:07,0,3,3,3,50.0,sgarbmi01,19-20
Kevin Shattenkirk,31,TBL,D,70,8,26,34,22,38,6.6,7,1,0,0,20,6,0,131,6.1,1323,18:54,66,62,0,0,,shattke01,19-20
Andrew Shaw,28,CHI,C,26,3,7,10,-4,33,0.5,2,1,0,0,6,1,0,46,6.5,376,14:27,9,74,42,51,45.2,shawan01,19-20
Logan Shaw,28,WPG,RW,35,3,2,5,0,0,0.4,3,0,0,0,1,1,0,20,15.0,239,6:49,13,24,11,9,55.0,shawlo01,19-20
Riley Sheahan,28,EDM,C,66,8,7,15,-13,6,0.6,7,0,1,1,6,0,1,70,11.4,844,12:48,33,26,409,425,49.0,sheahri01,19-20
Conor Sheary,27,TOT,LW,63,10,13,23,-5,10,1.9,9,1,0,1,11,2,0,102,9.8,826,13:06,26,28,1,3,25.0,shearco01,19-20
Kiefer Sherwood,24,ANA,RW,10,0,1,1,-1,6,-0.1,0,0,0,0,1,0,0,17,0.0,133,13:20,4,24,3,1,75.0,sherwki01,19-20
Kole Sherwood,23,CBJ,RW,3,0,0,0,0,2,0.0,0,0,0,0,0,0,0,6,0.0,20,6:38,1,10,0,1,0.0,sherwko01,19-20
Devin Shore,25,TOT,C,45,5,7,12,-10,8,0.6,5,0,0,1,5,2,0,50,10.0,524,11:39,14,52,47,53,47.0,shorede01,19-20
Nick Shore,27,TOT,C,63,3,3,6,1,20,-0.1,3,0,0,0,3,0,0,45,6.7,578,9:11,20,55,211,170,55.4,shoreni01,19-20
Jonas Siegenthaler,22,WSH,D,64,2,7,9,11,43,2.3,2,0,0,1,7,0,0,49,4.1,1007,15:44,105,51,0,0,,siegejo01,19-20
Dylan Sikura,24,CHI,C,9,1,2,3,1,0,0.3,1,0,0,0,2,0,0,10,10.0,89,9:54,2,0,0,3,0.0,sikurdy01,19-20
Jakob Silfverberg,29,ANA,LW,66,21,18,39,0,14,4.4,15,4,2,1,15,3,0,155,13.5,1167,17:41,41,28,8,33,19.5,silfvja01,19-20
Radim Šimek,27,SJS,D,48,2,7,9,-13,14,1.4,2,0,0,0,7,0,0,40,5.0,825,17:11,60,91,0,0,,simekra01,19-20
Wayne Simmonds,31,TOT,RW,68,8,17,25,-21,66,1.0,3,5,0,1,13,4,0,119,6.7,1015,14:55,29,145,29,45,39.2,simmowa01,19-20
Dominik Simon,25,PIT,C,64,7,15,22,-9,12,1.1,7,0,0,0,14,1,0,102,6.9,922,14:24,20,57,15,27,35.7,simondo01,19-20
Colton Sissons,26,NSH,C,57,9,6,15,-2,20,0.9,8,0,1,2,6,0,0,52,17.3,817,14:20,41,84,283,269,51.3,sissoco01,19-20
Jeff Skinner,27,BUF,LW,59,14,9,23,-22,18,1.4,14,0,0,1,6,3,0,183,7.7,973,16:29,11,29,32,54,37.2,skinnje01,19-20
Brady Skjei,25,TOT,D,67,8,16,24,-10,45,3.2,8,0,0,1,14,0,2,139,5.8,1386,20:41,96,103,0,0,,skjeibr01,19-20
Jaccob Slavin,25,CAR,D,68,6,30,36,30,10,7.9,6,0,0,3,26,3,1,145,4.1,1592,23:24,107,43,0,0,,slavija01,19-20
Brendan Smith,30,NYR,D,62,3,5,8,-12,71,0.5,2,0,1,0,4,0,1,45,6.7,688,11:06,41,90,1,0,100.0,smithbr05,19-20
Craig Smith,30,NSH,C,69,18,13,31,18,34,4.0,14,4,0,2,10,3,0,184,9.8,926,13:25,19,60,14,15,48.3,smithcr01,19-20
Dalton Smith,27,BUF,LW,1,0,0,0,1,2,0.0,0,0,0,0,0,0,0,0,,1,1:26,0,0,0,0,,smithda03,19-20
Gemel Smith,25,TBL,C,3,1,0,1,0,4,0.1,1,0,0,0,0,0,0,1,100.0,28,9:10,2,1,13,7,65.0,smithge02,19-20
Givani Smith,21,DET,RW,21,2,1,3,-2,9,0.2,2,0,0,0,1,0,0,22,9.1,203,9:41,3,42,0,0,,smithgi01,19-20
Reilly Smith,28,VEG,RW,71,27,27,54,17,20,6.8,22,3,2,6,23,2,2,169,16.0,1272,17:55,30,55,3,9,25.0,smithre01,19-20
Zack Smith,31,CHI,C,50,4,7,11,2,29,0.6,3,0,1,1,6,0,1,43,9.3,589,11:47,18,112,88,102,46.3,smithza01,19-20
Vladimír Sobotka,32,BUF,C,16,1,2,3,2,4,0.1,1,0,0,0,2,0,0,23,4.3,228,14:16,7,26,39,31,55.7,sobotvl01,19-20
Carl Söderberg,34,ARI,C,70,17,18,35,6,18,4.0,11,6,0,1,13,5,0,135,12.6,1113,15:54,41,77,245,296,45.3,soderca01,19-20
Marcus Sorensen,27,SJS,RW,66,7,11,18,-12,26,0.8,6,0,1,0,11,0,0,78,9.0,914,13:51,18,56,3,17,15.0,sorenma01,19-20
Carson Soucy,25,MIN,D,55,7,7,14,16,18,4.0,6,0,1,1,7,0,0,61,11.5,860,15:38,50,69,0,0,,soucyca01,19-20
Jason Spezza,36,TOR,C,58,9,16,25,-3,18,2.1,7,2,0,0,11,5,0,73,12.3,628,10:50,19,13,215,183,54.0,spezzja01,19-20
Daniel Sprong,22,ANA,RW,8,1,1,2,-2,0,0.1,0,1,0,0,1,0,0,17,5.9,113,14:06,3,4,0,0,,spronda01,19-20
Jared Spurgeon,30,MIN,D,62,12,20,32,-1,18,5.4,9,3,0,2,10,10,0,112,10.7,1400,22:34,102,61,0,1,0.0,spurgja01,19-20
Eric Staal,35,MIN,C,66,19,28,47,-9,28,4.4,14,5,0,5,19,9,0,113,16.8,1131,17:08,22,24,495,504,49.5,staaler01,19-20
Jordan Staal,31,CAR,C,68,8,19,27,3,40,1.6,6,2,0,0,18,1,0,125,6.4,1190,17:30,36,149,699,585,54.4,staaljo01,19-20
Marc Staal,33,NYR,D,52,2,9,11,5,16,2.1,2,0,0,0,9,0,0,46,4.3,917,17:39,76,69,0,0,,staalma01,19-20
Steven Stamkos,29,TBL,C,57,29,37,66,14,22,8.1,19,10,0,6,28,9,0,176,16.5,1050,18:25,38,69,365,307,54.3,stamkst01,19-20
Paul Stastny,34,VEG,C,71,17,21,38,6,24,3.8,12,5,0,3,15,5,1,136,12.5,1216,17:08,32,63,624,515,54.8,stastpa01,19-20
Troy Stecher,25,VAN,D,69,5,12,17,10,32,3.8,5,0,0,0,12,0,0,86,5.8,1059,15:21,70,69,0,0,,stechtr01,19-20
Sam Steel,21,ANA,C,65,6,16,22,-13,20,0.8,5,1,0,1,9,7,0,85,7.1,1011,15:33,25,24,369,365,50.3,steelsa01,19-20
Alexander Steen,35,STL,C,55,7,10,17,7,12,1.4,7,0,0,0,9,1,0,71,9.9,772,14:02,47,26,8,7,53.3,steenal01,19-20
Kevin Stenlund,23,CBJ,C,32,6,4,10,2,8,1.1,3,3,0,1,2,2,0,57,10.5,447,13:59,22,19,52,77,40.3,stenlke01,19-20
Derek Stepan,29,ARI,C,70,10,18,28,-4,16,2.0,8,1,1,2,12,6,0,158,6.3,1235,17:39,54,43,569,628,47.5,stepade01,19-20
Mitchell Stephens,22,TBL,C,38,3,3,6,-9,10,-0.2,3,0,0,0,3,0,0,43,7.0,410,10:47,9,36,187,169,52.5,stephmi01,19-20
Chandler Stephenson,25,TOT,C,65,11,15,26,24,16,3.1,8,1,2,5,13,1,1,73,15.1,931,14:19,32,52,233,281,45.3,stephch02,19-20
Chris Stewart,32,PHI,RW,16,0,1,1,-7,21,-0.4,0,0,0,0,1,0,0,5,0.0,124,7:47,4,35,0,0,,stewach02,19-20
Riley Stillman,21,FLA,D,34,0,5,5,-3,14,0.6,0,0,0,0,5,0,0,39,0.0,650,19:07,57,59,0,0,,stillri01,19-20
Mark Stone,27,VEG,RW,65,21,42,63,15,27,7.1,15,6,0,3,30,11,1,168,12.5,1262,19:25,51,56,16,30,34.8,stonema01,19-20
Michael Stone,29,CGY,D,33,2,5,7,-5,16,1.1,2,0,0,0,5,0,0,57,3.5,539,16:19,54,52,0,0,,stonemi01,19-20
Anton Strålman,33,FLA,D,69,5,14,19,-6,14,2.6,5,0,0,3,13,0,1,89,5.6,1454,21:04,96,68,0,0,,stralan01,19-20
Ben Street,32,NJD,C,3,0,1,1,1,0,0.1,0,0,0,0,1,0,0,4,0.0,24,8:08,0,3,5,6,45.5,streebe01,19-20
Dylan Strome,22,CHI,C,58,12,26,38,1,16,3.5,10,2,0,2,20,6,0,97,12.4,925,15:56,29,23,277,304,47.7,stromdy01,19-20
Ryan Strome,26,NYR,C,70,18,41,59,21,48,5.9,15,3,0,3,26,14,1,154,11.7,1371,19:35,32,45,496,548,47.5,stromry01,19-20
Jack Studnicka,20,BOS,C,2,0,1,1,2,2,0.1,0,0,0,0,1,0,0,3,0.0,24,12:08,0,2,9,6,60.0,studnja01,19-20
Nico Sturm,24,MIN,C,6,0,2,2,2,0,0.2,0,0,0,0,2,0,0,2,0.0,71,11:54,5,6,26,23,53.1,sturmni01,19-20
P.K. Subban,30,NJD,D,68,7,11,18,-21,79,2.8,5,2,0,3,7,4,0,151,4.6,1504,22:07,90,88,0,0,,subbapk01,19-20
C.J. Suess,25,WPG,LW,1,0,0,0,-1,0,0.0,0,0,0,0,0,0,0,0,,6,6:26,0,1,1,3,25.0,frankcl01,19-20
Oskar Sundqvist,25,STL,C,57,12,11,23,5,28,2.4,11,0,1,1,10,0,1,97,12.4,820,14:23,26,60,105,132,44.3,sundqos01,19-20
Antti Suomela,25,SJS,C,20,1,6,7,4,4,0.7,1,0,0,0,6,0,0,18,5.6,194,9:41,5,27,51,42,54.8,suomean01,19-20
Ryan Suter,35,MIN,D,69,8,40,48,-6,12,6.4,6,2,0,2,24,16,0,111,7.2,1700,24:38,93,48,0,0,,suterry01,19-20
Brandon Sutter,30,VAN,C,44,8,9,17,1,25,1.4,7,1,0,0,7,2,0,76,10.5,653,14:51,15,18,185,193,48.9,suttebr03,19-20
Nick Suzuki,20,MTL,C,71,13,28,41,-15,6,3.2,7,6,0,1,20,8,0,138,9.4,1135,15:59,32,64,305,354,46.3,suzukni01,19-20
Andrei Svechnikov,19,CAR,RW,68,24,37,61,9,54,6.9,18,6,0,5,23,14,0,183,13.1,1138,16:44,27,116,0,1,0.0,svechan01,19-20
Evgeny Svechnikov,23,DET,LW,4,0,0,0,-1,2,-0.1,0,0,0,0,0,0,0,7,0.0,33,8:20,1,5,0,0,,svechev01,19-20
Jordan Szwarz,28,OTT,RW,3,0,0,0,0,2,0.0,0,0,0,0,0,0,0,2,0.0,15,4:55,1,6,4,5,44.4,szwarjo01,19-20
Brandon Tanev,28,PIT,LW,68,11,14,25,-1,16,1.9,9,0,2,4,12,1,1,95,11.6,1004,14:46,65,244,6,9,40.0,tanevbr01,19-20
Chris Tanev,30,VAN,D,69,2,18,20,4,41,3.6,2,0,0,1,16,1,1,45,4.4,1348,19:32,159,32,0,0,,tanevch01,19-20
Vladimir Tarasenko,28,STL,RW,10,3,7,10,-2,0,1.0,2,1,0,0,5,2,0,26,11.5,162,16:11,7,17,0,0,,tarasvl01,19-20
Tomáš Tatar,29,MTL,C,68,22,39,61,5,36,7.0,14,8,0,1,33,6,0,162,13.6,1108,16:18,24,79,9,16,36.0,tatarto01,19-20
John Tavares,29,TOR,C,63,26,34,60,-7,24,6.1,19,7,0,4,20,14,0,197,13.2,1232,19:33,31,32,617,499,55.3,tavarjo01,19-20
Matt Tennyson,29,NJD,D,20,0,3,3,-2,6,0.4,0,0,0,0,3,0,0,14,0.0,243,12:09,18,27,0,0,,tennyma01,19-20
Teuvo Teräväinen,25,CAR,F,68,15,48,63,20,8,6.4,10,4,1,1,28,17,3,182,8.2,1305,19:12,30,18,26,27,49.1,teravte01,19-20
Troy Terry,22,ANA,C,47,4,11,15,-5,6,0.7,4,0,0,0,9,2,0,73,5.5,682,14:31,9,3,3,5,37.5,terrytr01,19-20
Alexandre Texier,20,CBJ,C,36,6,7,13,3,10,1.4,6,0,0,1,6,1,0,49,12.2,459,12:45,7,20,22,41,34.9,texieal01,19-20
Shea Theodore,24,VEG,D,71,13,33,46,12,25,8.1,11,1,1,4,18,15,0,219,5.9,1579,22:14,69,20,0,0,,theodsh01,19-20
Robert Thomas,20,STL,C,66,10,32,42,9,18,4.1,9,1,0,2,26,6,0,87,11.5,961,14:34,13,13,136,181,42.9,thomaro01,19-20
Nate Thompson,35,TOT,C,70,4,11,15,-1,30,0.4,4,0,0,1,10,0,1,67,6.0,895,12:47,50,118,433,354,55.0,thompna01,19-20
Tage Thompson,22,BUF,C,1,0,0,0,0,0,0.0,0,0,0,0,0,0,0,0,,7,6:59,0,2,0,0,,thompta01,19-20
Joe Thornton,40,SJS,C,70,7,24,31,-19,34,1.6,4,3,0,1,19,5,0,76,9.2,1085,15:30,29,20,323,331,49.4,thornjo01,19-20
Calvin Thurkauf,22,CBJ,C,3,0,0,0,0,0,0.0,0,0,0,0,0,0,0,1,0.0,25,8:15,0,5,2,0,100.0,thurkca01,19-20
Chris Tierney,25,OTT,C,71,11,26,37,-6,20,2.6,6,1,4,2,24,1,1,102,10.8,1220,17:11,37,44,521,497,51.2,tiernch01,19-20
Dmytro Timashov,23,TOT,LW,44,4,5,9,1,16,0.7,4,0,0,1,5,0,0,37,10.8,375,8:32,11,93,0,0,,timasdm01,19-20
Conor Timmins,21,COL,D,2,0,0,0,2,0,0.2,0,0,0,0,0,0,0,1,0.0,21,10:25,0,0,0,0,,timmico01,19-20
Jarred Tinordi,27,NSH,D,28,1,4,5,-1,34,0.8,1,0,0,0,3,0,1,20,5.0,465,16:37,36,71,0,0,,tinorja01,19-20
Brady Tkachuk,20,OTT,LW,71,21,23,44,-14,106,3.9,19,2,0,3,17,6,0,259,8.1,1344,18:56,43,303,144,168,46.2,tkachbr01,19-20
Matthew Tkachuk,22,CGY,LW,69,23,38,61,-5,74,6.5,18,5,0,4,24,14,0,188,12.2,1263,18:18,22,122,0,4,0.0,tkachma01,19-20
Devon Toews,25,NYI,D,68,6,22,28,1,16,5.0,5,1,0,1,17,5,0,122,4.9,1395,20:31,75,55,0,0,,toewsde01,19-20
Jonathan Toews,31,CHI,C,70,18,42,60,-2,48,5.4,16,1,1,3,35,7,0,172,10.5,1384,19:47,35,56,856,638,57.3,toewsjo01,19-20
Tyler Toffoli,27,TOT,C,68,24,20,44,-1,20,5.1,19,5,0,4,15,5,0,203,11.8,1146,16:51,16,48,4,10,28.6,toffoty01,19-20
Dominic Toninato,25,FLA,C,46,4,7,11,4,37,0.7,4,0,0,0,7,0,0,38,10.5,513,11:09,28,57,128,144,47.1,tonindo01,19-20
Yakov Trenin,23,NSH,C,21,2,4,6,1,9,0.5,2,0,0,0,4,0,0,25,8.0,204,9:44,9,46,3,1,75.0,treniya01,19-20
Vincent Trocheck,26,TOT,C,62,11,27,38,-8,49,2.7,9,1,1,2,21,6,0,141,7.8,1037,16:44,37,101,434,398,52.2,trochvi01,19-20
Zach Trotman,29,PIT,D,8,0,0,0,-1,4,0.0,0,0,0,0,0,0,0,11,0.0,118,14:43,10,21,0,0,,trotmza01,19-20
Jacob Trouba,25,NYR,D,70,7,20,27,-12,61,3.3,3,4,0,1,14,4,2,168,4.2,1580,22:34,128,173,0,0,,troubja01,19-20
Alexander True,22,SJS,F,12,0,4,4,1,2,0.3,0,0,0,0,4,0,0,12,0.0,120,10:00,2,23,32,37,46.4,trueal01,19-20
Alex Tuch,23,VEG,RW,42,8,9,17,-10,8,1.1,5,3,0,2,5,4,0,98,8.2,614,14:37,20,58,8,20,28.6,tuchal01,19-20
Kyle Turris,30,NSH,C,62,9,22,31,-9,22,2.0,7,2,0,4,14,8,0,88,10.2,956,15:25,25,18,246,272,47.5,turriky01,19-20
Carsen Twarynski,22,PHI,F,15,1,0,1,-2,4,-0.2,1,0,0,0,0,0,0,14,7.1,160,10:41,8,40,0,2,0.0,twaryca01,19-20
T.J. Tynan,27,COL,C,16,0,1,1,-1,2,-0.2,0,0,0,0,1,0,0,7,0.0,136,8:28,3,7,3,15,16.7,tynant.01,19-20
Urho Vaakanainen,21,BOS,D,5,0,0,0,2,0,0.2,0,0,0,0,0,0,0,2,0.0,84,16:51,3,8,0,0,,vaakaur01,19-20
James van Riemsdyk,30,PHI,LW,66,19,21,40,5,8,4.5,15,4,0,2,16,5,0,151,12.6,983,14:54,18,25,8,15,34.8,vanrija01,19-20
Trevor van Riemsdyk,28,CAR,D,49,1,7,8,-7,10,1.0,1,0,0,0,7,0,0,58,1.7,728,14:52,37,21,0,0,,vanritr01,19-20
Sami Vatanen,28,NJD,D,47,5,18,23,-12,22,3.2,4,1,0,0,8,9,1,95,5.3,1022,21:45,80,50,0,0,,vatansa01,19-20
Frank Vatrano,25,FLA,LW,69,16,18,34,-8,30,2.8,12,2,2,4,18,0,0,162,9.9,1036,15:01,43,102,12,28,30.0,vatrafr01,19-20
Lukas Vejdemo,24,MTL,C,7,1,0,1,0,0,0.1,1,0,0,0,0,0,0,7,14.3,56,8:01,3,8,1,4,20.0,vejdelu01,19-20
Carter Verhaeghe,24,TBL,C,52,9,4,13,-9,8,0.9,8,1,0,1,4,0,0,57,15.8,487,9:22,8,29,14,17,45.2,verhaca01,19-20
Max Veronneau,24,OTT,RW,4,0,0,0,-2,0,-0.1,0,0,0,0,0,0,0,3,0.0,34,8:25,2,2,0,0,,veronma01,19-20
Jimmy Vesey,26,BUF,LW,64,9,11,20,12,15,2.0,8,0,1,2,10,1,0,93,9.7,883,13:48,20,43,0,5,0.0,veseyji02,19-20
Gabriel Vilardi,20,LAK,C,10,3,4,7,0,4,0.8,2,1,0,0,3,1,0,19,15.8,129,12:51,4,1,49,43,53.3,vilarga01,19-20
Jake Virtanen,23,VAN,RW,69,18,18,36,-4,41,3.7,12,6,0,6,15,3,0,150,12.0,903,13:05,28,102,5,13,27.8,virtaja01,19-20
Marc-Édouard Vlasic,32,SJS,D,70,5,10,15,-10,10,3.4,4,0,1,1,10,0,0,74,6.8,1421,20:18,97,37,0,0,,vlasima01,19-20
Alexander Volkov,22,TBL,RW,9,0,1,1,-6,6,-0.3,0,0,0,0,1,0,0,7,0.0,92,10:16,2,10,1,3,25.0,volkoal01,19-20
Jakub Voráček,30,PHI,RW,69,12,44,56,14,31,5.4,8,4,0,3,31,13,0,132,9.1,1176,17:03,21,17,7,13,35.0,voracja01,19-20
Mikhail Vorobyev,23,PHI,C,20,1,2,3,-5,6,-0.1,1,0,0,0,2,0,0,15,6.7,209,10:26,3,4,78,62,55.7,vorobmi01,19-20
Jakub Vrána,23,WSH,LW,69,25,27,52,3,18,6.1,24,1,0,6,16,11,0,187,13.4,1027,14:53,16,29,6,5,54.5,vranaja01,19-20
Austin Wagner,22,LAK,LW,65,6,5,11,-5,39,0.4,6,0,0,0,5,0,0,124,4.8,763,11:45,19,145,3,6,33.3,wagneau01,19-20
Chris Wagner,28,BOS,C,67,6,4,10,-8,47,0.0,5,0,1,0,4,0,0,78,7.7,834,12:26,31,192,115,134,46.2,wagnech01,19-20
Oliver Wahlstrom,19,NYI,RW,9,0,0,0,-2,4,-0.2,0,0,0,0,0,0,0,9,0.0,93,10:17,4,10,0,3,0.0,wahlsol01,19-20
Nathan Walker,25,STL,C,5,1,1,2,-2,4,0.1,1,0,0,0,1,0,0,6,16.7,56,11:08,1,10,1,0,100.0,walkena01,19-20
Sean Walker,25,LAK,D,70,5,19,24,-12,26,3.8,5,0,0,0,14,5,0,127,3.9,1319,18:50,84,81,0,0,,walkese01,19-20
Lucas Wallmark,24,TOT,C,67,12,13,25,0,18,2.3,9,3,0,0,9,3,1,84,14.3,856,12:47,26,57,379,374,50.3,wallmlu01,19-20
Jake Walman,23,STL,D,1,0,0,0,1,0,0.1,0,0,0,0,0,0,0,1,0.0,11,11:04,1,0,0,0,,walmaja01,19-20
Austin Watson,28,NSH,LW,53,6,8,14,-9,65,0.6,6,0,0,1,6,0,2,50,12.0,616,11:37,48,131,6,6,50.0,watsoau01,19-20
Jordan Weal,27,MTL,C,49,8,7,15,-8,14,1.0,6,2,0,2,4,3,0,86,9.3,667,13:37,21,32,96,97,49.7,wealjo01,19-20
Shea Weber,34,MTL,D,65,15,21,36,8,33,7.3,12,3,0,2,16,5,0,185,8.1,1561,24:00,114,112,0,0,,webersh01,19-20
Yannick Weber,31,NSH,D,41,1,2,3,-1,14,0.6,1,0,0,1,2,0,0,45,2.2,574,14:01,38,37,0,0,,weberya01,19-20
Anton Wedin,26,CHI,F,4,0,0,0,1,4,0.0,0,0,0,0,0,0,0,2,0.0,36,9:04,1,5,0,0,,wedinan01,19-20
MacKenzie Weegar,26,FLA,D,45,7,11,18,6,33,3.4,7,0,0,1,11,0,0,77,9.1,905,20:07,71,76,0,0,,weegama01,19-20
Dale Weise,31,MTL,RW,23,1,4,5,1,16,0.3,1,0,0,0,4,0,0,15,6.7,213,9:16,10,70,0,0,,weiseda01,19-20
Alexander Wennberg,25,CBJ,C,57,5,17,22,-5,16,1.2,4,1,0,1,13,4,0,72,6.9,951,16:41,31,21,309,364,45.9,wennbal01,19-20
Zach Werenski,22,CBJ,D,63,20,21,41,9,10,9.1,14,5,1,4,13,8,0,187,10.7,1511,23:59,58,36,0,0,,werenza01,19-20
Blake Wheeler,33,WPG,RW,71,22,43,65,1,37,6.4,17,4,1,2,24,18,1,180,12.2,1372,19:19,51,102,325,327,49.8,wheelbl01,19-20
Colin White,23,OTT,C,61,7,16,23,-12,39,1.0,6,1,0,0,13,3,0,83,8.4,958,15:42,30,47,275,305,47.4,whiteco02,19-20
Colton White,22,NJD,D,6,0,0,0,-2,4,-0.1,0,0,0,0,0,0,0,2,0.0,84,13:59,4,3,0,0,,whiteco03,19-20
Zach Whitecloud,23,VEG,D,16,0,1,1,3,4,0.5,0,0,0,0,1,0,0,9,0.0,229,14:19,16,10,0,0,,whiteza01,19-20
Justin Williams,38,CAR,RW,20,8,3,11,2,6,1.5,6,2,0,2,2,1,0,60,13.3,272,13:37,7,20,3,7,30.0,williju01,19-20
Colin Wilson,30,COL,C,9,0,4,4,6,0,0.4,0,0,0,0,4,0,0,12,0.0,114,12:38,2,8,3,4,42.9,wilsoco01,19-20
Scott Wilson,27,BUF,C,6,1,1,2,1,2,0.2,1,0,0,0,1,0,0,8,12.5,70,11:38,0,3,0,0,,wilsosc01,19-20
Tom Wilson,25,WSH,RW,68,21,23,44,-3,93,4.2,15,5,1,5,20,2,1,154,13.6,1242,18:16,58,253,18,39,31.6,wilsoto01,19-20
Luke Witkowski,29,TBL,D,12,1,2,3,-4,13,0.2,1,0,0,0,2,0,0,10,10.0,106,8:48,3,38,0,0,,witkolu01,19-20
Christian Wolanin,24,OTT,D,3,0,0,0,1,0,0.1,0,0,0,0,0,0,0,4,0.0,53,17:41,4,0,0,0,,wolanch01,19-20
Miles Wood,24,NJD,LW,68,11,12,23,-19,57,1.4,11,0,0,1,12,0,0,141,7.8,900,13:14,26,102,0,1,0.0,woodmi01,19-20
Kailer Yamamoto,21,EDM,RW,27,11,15,26,17,12,3.7,9,2,0,0,15,0,0,44,25.0,469,17:23,13,45,1,0,100.0,yamamka01,19-20
Keith Yandle,33,FLA,D,69,5,40,45,0,20,5.6,3,2,0,0,21,19,0,129,3.9,1359,19:42,51,18,0,1,0.0,yandlke01,19-20
Alexander Yelesin,23,CGY,D,4,0,0,0,0,0,0.1,0,0,0,0,0,0,0,2,0.0,50,12:30,0,13,0,0,,yelesal01,19-20
Danil Yurtaykin,22,SJS,F,4,0,0,0,-1,0,-0.1,0,0,0,0,0,0,0,2,0.0,52,13:00,2,3,0,0,,yurtada01,19-20
Pavel Zacha,22,NJD,C,65,8,24,32,-12,14,2.0,3,3,2,1,17,5,2,97,8.2,1057,16:16,19,62,283,371,43.3,zachapa01,19-20
Filip Zadina,20,DET,RW,28,8,7,15,-13,2,1.3,4,4,0,1,4,3,0,60,13.3,425,15:10,10,11,1,0,100.0,zadinfi01,19-20
Nikita Zadorov,24,COL,D,64,4,9,13,6,65,2.7,4,0,0,0,9,0,0,65,6.2,1137,17:46,66,175,0,0,,zadorni01,19-20
Nikita Zaitsev,28,OTT,D,58,1,11,12,-8,22,1.7,1,0,0,0,11,0,0,64,1.6,1285,22:09,121,108,0,0,,zaitsni01,19-20
Travis Zajac,34,NJD,C,69,9,16,25,-12,28,1.2,7,1,1,1,14,0,2,72,12.5,1180,17:06,39,58,576,514,52.8,zajactr01,19-20
Mika Zibanejad,26,NYR,C,57,41,34,75,9,14,9.7,23,15,3,6,20,12,2,208,19.7,1233,21:38,49,51,592,612,49.2,zibanmi01,19-20
Mats Zuccarello,32,MIN,LW,65,15,22,37,-9,18,3.1,12,3,0,2,18,4,0,96,15.6,1036,15:56,36,13,9,5,64.3,zuccama01,19-20
Jason Zucker,28,TOT,LW,60,20,21,41,-4,21,4.3,13,7,0,4,16,5,0,111,18.0,980,16:20,23,53,12,29,29.3,zuckeja01,19-20
Valentin Zykov,24,VEG,LW,15,1,3,4,-2,6,0.1,0,1,0,0,3,0,0,19,5.3,183,12:13,3,20,0,1,0.0,zykovva01,19-20
